year,name,value,lastValue
2000.01,Where My Girls At?,36,36
2000.01,Unpretty,28,28
2000.01,Someday,27,27
2000.01,Black Balloon,26,26
2000.01,Back That Thang Up,26,26
2000.01,The Rockafeller Skank,24,24
2000.01,Smooth,23,23
2000.01,Amazed,22,22
2000.01,Steal My Sunshine,21,21
2000.01,Sexual (Li Da Di),21,21
2000.02,Where My Girls At?,41,41
2000.02,Someday,32,32
2000.02,Black Balloon,31,31
2000.02,Unpretty,28,28
2000.02,Smooth,28,28
2000.02,Amazed,27,27
2000.02,Sexual (Li Da Di),26,26
2000.02,Back That Thang Up,26,26
2000.02,My Love Is Your Love,23,23
2000.02,Satisfy You,20,20
2000.03,Where My Girls At?,41,41
2000.03,Someday,32,32
2000.03,Smooth,32,32
2000.03,Black Balloon,31,31
2000.03,Amazed,31,31
2000.03,Unpretty,28,28
2000.03,My Love Is Your Love,27,27
2000.03,Sexual (Li Da Di),26,26
2000.03,I Need To Know,26,26
2000.03,U Know What's Up,24,24
2000.04,Where My Girls At?,41,41
2000.04,Smooth,36,36
2000.04,Amazed,35,35
2000.04,Someday,32,32
2000.04,Black Balloon,31,31
2000.04,I Need To Know,30,30
2000.04,Unpretty,28,28
2000.04,Meet Virginia,26,26
2000.04,I Knew I Loved You,24,24
2000.04,Got To Get It,20,20
2000.05,Where My Girls At?,41,41
2000.05,Smooth,41,41
2000.05,Amazed,40,40
2000.05,I Need To Know,35,35
2000.05,Someday,32,32
2000.05,Black Balloon,31,31
2000.05,I Knew I Loved You,29,29
2000.05,Get It On Tonite,29,29
2000.05,Bring It All To Me,29,29
2000.05,Back At One,17,17
2000.06,Smooth,45,45
2000.06,Amazed,44,44
2000.06,Where My Girls At?,41,41
2000.06,I Need To Know,39,39
2000.06,I Knew I Loved You,33,33
2000.06,Someday,32,32
2000.06,Higher,31,31
2000.06,Breathe,31,31
2000.06,Black Balloon,31,31
2000.06,Get It On Tonite,29,29
2000.07,Smooth,49,49
2000.07,Amazed,48,48
2000.07,Where My Girls At?,41,41
2000.07,I Need To Know,39,39
2000.07,Higher,35,35
2000.07,Breathe,35,35
2000.07,I Knew I Loved You,33,33
2000.07,Someday,32,32
2000.07,Say My Name,28,28
2000.07,I Wanna Know,27,27
2000.08,Smooth,54,54
2000.08,Amazed,53,53
2000.08,Where My Girls At?,41,41
2000.08,Higher,40,40
2000.08,Breathe,40,40
2000.08,I Need To Know,39,39
2000.08,I Knew I Loved You,33,33
2000.08,Someday,32,32
2000.08,I Wanna Know,32,32
2000.08,Everything You Want,29,29
2000.09,Smooth,58,58
2000.09,Amazed,53,53
2000.09,Higher,44,44
2000.09,Breathe,44,44
2000.09,Where My Girls At?,41,41
2000.09,I Need To Know,39,39
2000.09,I Wanna Know,36,36
2000.09,I Knew I Loved You,33,33
2000.09,Everything You Want,33,33
2000.09,Someday,32,32
2000.1,Smooth,58,58
2000.1,Amazed,53,53
2000.1,Higher,49,49
2000.1,Breathe,49,49
2000.1,Where My Girls At?,41,41
2000.1,I Wanna Know,41,41
2000.1,I Need To Know,39,39
2000.1,Everything You Want,38,38
2000.1,I Knew I Loved You,33,33
2000.1,There You Go,32,32
2000.11,Smooth,58,58
2000.11,Higher,53,53
2000.11,Breathe,53,53
2000.11,Amazed,53,53
2000.11,Where My Girls At?,41,41
2000.11,I Wanna Know,41,41
2000.11,I Need To Know,39,39
2000.11,Everything You Want,38,38
2000.11,He Wasn't Man Enough,34,34
2000.11,Kryptonite,31,31
2000.12,Smooth,58,58
2000.12,Higher,57,57
2000.12,Breathe,53,53
2000.12,Amazed,53,53
2000.12,Where My Girls At?,41,41
2000.12,I Wanna Know,41,41
2000.12,I Need To Know,39,39
2000.12,Everything You Want,38,38
2000.12,Kryptonite,35,35
2000.12,Bent,32,32
2001.01,Smooth,58,58
2001.01,Higher,57,57
2001.01,Breathe,53,53
2001.01,Amazed,53,53
2001.01,Where My Girls At?,41,41
2001.01,I Wanna Know,41,41
2001.01,Kryptonite,40,40
2001.01,I Need To Know,39,39
2001.01,Bent,37,37
2001.01,The Way You Love Me,36,36
2001.02,Smooth,58,58
2001.02,Higher,57,57
2001.02,Breathe,53,53
2001.02,Amazed,53,53
2001.02,Kryptonite,44,44
2001.02,Where My Girls At?,41,41
2001.02,I Wanna Know,41,41
2001.02,The Way You Love Me,40,40
2001.02,With Arms Wide Open,39,39
2001.02,I Need To Know,39,39
2001.03,Smooth,58,58
2001.03,Higher,57,57
2001.03,Breathe,53,53
2001.03,Amazed,53,53
2001.03,Kryptonite,48,48
2001.03,The Way You Love Me,44,44
2001.03,With Arms Wide Open,43,43
2001.03,Where My Girls At?,41,41
2001.03,I Wanna Know,41,41
2001.03,I Need To Know,39,39
2001.04,Smooth,58,58
2001.04,Higher,57,57
2001.04,Kryptonite,53,53
2001.04,Breathe,53,53
2001.04,Amazed,53,53
2001.04,The Way You Love Me,49,49
2001.04,With Arms Wide Open,43,43
2001.04,Where My Girls At?,41,41
2001.04,I Wanna Know,41,41
2001.04,I Need To Know,39,39
2001.05,Smooth,58,58
2001.05,Higher,57,57
2001.05,The Way You Love Me,53,53
2001.05,Kryptonite,53,53
2001.05,Breathe,53,53
2001.05,Amazed,53,53
2001.05,With Arms Wide Open,43,43
2001.05,Where My Girls At?,41,41
2001.05,I Wanna Know,41,41
2001.05,I Need To Know,39,39
2001.06,Smooth,58,58
2001.06,Higher,57,57
2001.06,The Way You Love Me,53,53
2001.06,Kryptonite,53,53
2001.06,Breathe,53,53
2001.06,Amazed,53,53
2001.06,With Arms Wide Open,43,43
2001.06,Where My Girls At?,41,41
2001.06,I Wanna Know,41,41
2001.06,I Hope You Dance,39,39
2001.07,Smooth,58,58
2001.07,Higher,57,57
2001.07,The Way You Love Me,53,53
2001.07,Kryptonite,53,53
2001.07,Breathe,53,53
2001.07,Amazed,53,53
2001.07,I Hope You Dance,44,44
2001.07,With Arms Wide Open,43,43
2001.07,Where My Girls At?,41,41
2001.07,I Wanna Know,41,41
2001.08,Smooth,58,58
2001.08,Higher,57,57
2001.08,The Way You Love Me,53,53
2001.08,Kryptonite,53,53
2001.08,Breathe,53,53
2001.08,Amazed,53,53
2001.08,I Hope You Dance,48,48
2001.08,With Arms Wide Open,43,43
2001.08,If You're Gone,42,42
2001.08,Where My Girls At?,41,41
2001.09,Smooth,58,58
2001.09,Higher,57,57
2001.09,The Way You Love Me,53,53
2001.09,Kryptonite,53,53
2001.09,Breathe,53,53
2001.09,Amazed,53,53
2001.09,I Hope You Dance,48,48
2001.09,With Arms Wide Open,43,43
2001.09,If You're Gone,42,42
2001.09,Where My Girls At?,41,41
2001.1,Smooth,58,58
2001.1,Higher,57,57
2001.1,The Way You Love Me,53,53
2001.1,Kryptonite,53,53
2001.1,Breathe,53,53
2001.1,Amazed,53,53
2001.1,I Hope You Dance,48,48
2001.1,With Arms Wide Open,43,43
2001.1,If You're Gone,42,42
2001.1,Where My Girls At?,41,41
2001.11,Smooth,58,58
2001.11,Higher,57,57
2001.11,The Way You Love Me,53,53
2001.11,Kryptonite,53,53
2001.11,Breathe,53,53
2001.11,Amazed,53,53
2001.11,I Hope You Dance,48,48
2001.11,With Arms Wide Open,43,43
2001.11,If You're Gone,42,42
2001.11,Hanging By A Moment,39,39
2001.12,Smooth,58,58
2001.12,Higher,57,57
2001.12,The Way You Love Me,53,53
2001.12,Kryptonite,53,53
2001.12,Breathe,53,53
2001.12,Amazed,53,53
2001.12,I Hope You Dance,48,48
2001.12,With Arms Wide Open,43,43
2001.12,Hanging By A Moment,43,43
2001.12,If You're Gone,42,42
2002.01,Smooth,58,58
2002.01,Higher,57,57
2002.01,The Way You Love Me,53,53
2002.01,Kryptonite,53,53
2002.01,Breathe,53,53
2002.01,Amazed,53,53
2002.01,I Hope You Dance,48,48
2002.01,Hanging By A Moment,48,48
2002.01,With Arms Wide Open,43,43
2002.01,Drops Of Jupiter (Tell Me),43,43
2002.02,Smooth,58,58
2002.02,Higher,57,57
2002.02,The Way You Love Me,53,53
2002.02,Kryptonite,53,53
2002.02,Breathe,53,53
2002.02,Amazed,53,53
2002.02,Hanging By A Moment,52,52
2002.02,I Hope You Dance,48,48
2002.02,Drops Of Jupiter (Tell Me),47,47
2002.02,It's Been Awhile,43,43
2002.03,Smooth,58,58
2002.03,Higher,57,57
2002.03,The Way You Love Me,53,53
2002.03,Kryptonite,53,53
2002.03,Breathe,53,53
2002.03,Amazed,53,53
2002.03,Hanging By A Moment,52,52
2002.03,Drops Of Jupiter (Tell Me),51,51
2002.03,I Hope You Dance,48,48
2002.03,It's Been Awhile,43,43
2002.04,Smooth,58,58
2002.04,Higher,57,57
2002.04,The Way You Love Me,53,53
2002.04,Kryptonite,53,53
2002.04,Breathe,53,53
2002.04,Amazed,53,53
2002.04,Hanging By A Moment,52,52
2002.04,Drops Of Jupiter (Tell Me),51,51
2002.04,I Hope You Dance,48,48
2002.04,It's Been Awhile,43,43
2002.05,Smooth,58,58
2002.05,Higher,57,57
2002.05,The Way You Love Me,53,53
2002.05,Kryptonite,53,53
2002.05,Breathe,53,53
2002.05,Amazed,53,53
2002.05,Hanging By A Moment,52,52
2002.05,Drops Of Jupiter (Tell Me),51,51
2002.05,I Hope You Dance,48,48
2002.05,It's Been Awhile,43,43
2002.06,Smooth,58,58
2002.06,Higher,57,57
2002.06,The Way You Love Me,53,53
2002.06,Kryptonite,53,53
2002.06,Breathe,53,53
2002.06,Amazed,53,53
2002.06,Hanging By A Moment,52,52
2002.06,Drops Of Jupiter (Tell Me),51,51
2002.06,I Hope You Dance,48,48
2002.06,It's Been Awhile,43,43
2002.07,Smooth,58,58
2002.07,Higher,57,57
2002.07,The Way You Love Me,53,53
2002.07,Kryptonite,53,53
2002.07,Breathe,53,53
2002.07,Amazed,53,53
2002.07,Hanging By A Moment,52,52
2002.07,Drops Of Jupiter (Tell Me),51,51
2002.07,I Hope You Dance,48,48
2002.07,How You Remind Me,44,44
2002.08,Smooth,58,58
2002.08,Higher,57,57
2002.08,The Way You Love Me,53,53
2002.08,Kryptonite,53,53
2002.08,Breathe,53,53
2002.08,Amazed,53,53
2002.08,Hanging By A Moment,52,52
2002.08,Drops Of Jupiter (Tell Me),51,51
2002.08,I Hope You Dance,48,48
2002.08,How You Remind Me,48,48
2002.09,Smooth,58,58
2002.09,Higher,57,57
2002.09,The Way You Love Me,53,53
2002.09,Kryptonite,53,53
2002.09,Breathe,53,53
2002.09,Amazed,53,53
2002.09,Hanging By A Moment,52,52
2002.09,Drops Of Jupiter (Tell Me),51,51
2002.09,I Hope You Dance,48,48
2002.09,How You Remind Me,48,48
2002.1,Smooth,58,58
2002.1,Higher,57,57
2002.1,The Way You Love Me,53,53
2002.1,Kryptonite,53,53
2002.1,Breathe,53,53
2002.1,Amazed,53,53
2002.1,Hanging By A Moment,52,52
2002.1,Drops Of Jupiter (Tell Me),51,51
2002.1,I Hope You Dance,48,48
2002.1,How You Remind Me,48,48
2002.11,Smooth,58,58
2002.11,Higher,57,57
2002.11,The Way You Love Me,53,53
2002.11,Kryptonite,53,53
2002.11,Breathe,53,53
2002.11,Amazed,53,53
2002.11,Hanging By A Moment,52,52
2002.11,Drops Of Jupiter (Tell Me),51,51
2002.11,I Hope You Dance,48,48
2002.11,How You Remind Me,48,48
2002.12,Smooth,58,58
2002.12,Higher,57,57
2002.12,The Way You Love Me,53,53
2002.12,Kryptonite,53,53
2002.12,Amazed,53,53
2002.12,Hanging By A Moment,52,52
2002.12,Drops Of Jupiter (Tell Me),51,51
2002.12,I Hope You Dance,48,48
2002.12,How You Remind Me,48,48
2002.12,A Thousand Miles,41,41
2003.01,Smooth,58,58
2003.01,Higher,57,57
2003.01,The Way You Love Me,53,53
2003.01,Kryptonite,53,53
2003.01,Amazed,53,53
2003.01,Hanging By A Moment,52,52
2003.01,Drops Of Jupiter (Tell Me),51,51
2003.01,I Hope You Dance,48,48
2003.01,How You Remind Me,48,48
2003.01,A Thousand Miles,41,41
2003.02,Smooth,58,58
2003.02,Higher,57,57
2003.02,The Way You Love Me,53,53
2003.02,Kryptonite,53,53
2003.02,Amazed,53,53
2003.02,Hanging By A Moment,52,52
2003.02,Drops Of Jupiter (Tell Me),51,51
2003.02,I Hope You Dance,48,48
2003.02,How You Remind Me,48,48
2003.02,A Thousand Miles,41,41
2003.03,Smooth,58,58
2003.03,Higher,57,57
2003.03,The Way You Love Me,53,53
2003.03,Kryptonite,53,53
2003.03,Amazed,53,53
2003.03,Hanging By A Moment,52,52
2003.03,Drops Of Jupiter (Tell Me),51,51
2003.03,I Hope You Dance,48,48
2003.03,How You Remind Me,48,48
2003.03,A Thousand Miles,41,41
2003.04,Smooth,58,58
2003.04,Higher,57,57
2003.04,The Way You Love Me,53,53
2003.04,Kryptonite,53,53
2003.04,Amazed,53,53
2003.04,Hanging By A Moment,52,52
2003.04,Drops Of Jupiter (Tell Me),51,51
2003.04,I Hope You Dance,48,48
2003.04,How You Remind Me,48,48
2003.04,A Thousand Miles,41,41
2003.05,Smooth,58,58
2003.05,Higher,57,57
2003.05,The Way You Love Me,53,53
2003.05,Kryptonite,53,53
2003.05,Amazed,53,53
2003.05,Hanging By A Moment,52,52
2003.05,Drops Of Jupiter (Tell Me),51,51
2003.05,I Hope You Dance,48,48
2003.05,How You Remind Me,48,48
2003.05,A Thousand Miles,41,41
2003.06,Smooth,58,58
2003.06,Higher,57,57
2003.06,The Way You Love Me,53,53
2003.06,Kryptonite,53,53
2003.06,Amazed,53,53
2003.06,Hanging By A Moment,52,52
2003.06,Drops Of Jupiter (Tell Me),51,51
2003.06,I Hope You Dance,48,48
2003.06,How You Remind Me,48,48
2003.06,A Thousand Miles,41,41
2003.07,Smooth,58,58
2003.07,Higher,57,57
2003.07,The Way You Love Me,53,53
2003.07,Kryptonite,53,53
2003.07,Amazed,53,53
2003.07,Hanging By A Moment,52,52
2003.07,Drops Of Jupiter (Tell Me),51,51
2003.07,I Hope You Dance,48,48
2003.07,How You Remind Me,48,48
2003.07,A Thousand Miles,41,41
2003.08,Smooth,58,58
2003.08,Higher,57,57
2003.08,The Way You Love Me,53,53
2003.08,Kryptonite,53,53
2003.08,Amazed,53,53
2003.08,Hanging By A Moment,52,52
2003.08,Drops Of Jupiter (Tell Me),51,51
2003.08,I Hope You Dance,48,48
2003.08,How You Remind Me,48,48
2003.08,Ignition,39,39
2003.09,Smooth,58,58
2003.09,Higher,57,57
2003.09,The Way You Love Me,53,53
2003.09,Kryptonite,53,53
2003.09,Amazed,53,53
2003.09,Hanging By A Moment,52,52
2003.09,Drops Of Jupiter (Tell Me),51,51
2003.09,I Hope You Dance,48,48
2003.09,How You Remind Me,48,48
2003.09,When I'm Gone,42,42
2003.1,Smooth,58,58
2003.1,Higher,57,57
2003.1,The Way You Love Me,53,53
2003.1,Kryptonite,53,53
2003.1,Amazed,53,53
2003.1,Hanging By A Moment,52,52
2003.1,Drops Of Jupiter (Tell Me),51,51
2003.1,I Hope You Dance,48,48
2003.1,How You Remind Me,48,48
2003.1,When I'm Gone,42,42
2003.11,Smooth,58,58
2003.11,Higher,57,57
2003.11,The Way You Love Me,53,53
2003.11,Kryptonite,53,53
2003.11,Amazed,53,53
2003.11,Hanging By A Moment,52,52
2003.11,Drops Of Jupiter (Tell Me),51,51
2003.11,I Hope You Dance,48,48
2003.11,How You Remind Me,48,48
2003.11,When I'm Gone,42,42
2003.12,Smooth,58,58
2003.12,Higher,57,57
2003.12,The Way You Love Me,53,53
2003.12,Kryptonite,53,53
2003.12,Amazed,53,53
2003.12,Hanging By A Moment,52,52
2003.12,Drops Of Jupiter (Tell Me),51,51
2003.12,I Hope You Dance,48,48
2003.12,How You Remind Me,48,48
2003.12,When I'm Gone,42,42
2004.01,Smooth,58,58
2004.01,Higher,57,57
2004.01,The Way You Love Me,53,53
2004.01,Kryptonite,53,53
2004.01,Amazed,53,53
2004.01,Hanging By A Moment,52,52
2004.01,Drops Of Jupiter (Tell Me),51,51
2004.01,I Hope You Dance,48,48
2004.01,How You Remind Me,48,48
2004.01,Unwell,42,42
2004.02,Smooth,58,58
2004.02,Higher,57,57
2004.02,The Way You Love Me,53,53
2004.02,Kryptonite,53,53
2004.02,Amazed,53,53
2004.02,Hanging By A Moment,52,52
2004.02,Drops Of Jupiter (Tell Me),51,51
2004.02,I Hope You Dance,48,48
2004.02,How You Remind Me,48,48
2004.02,Unwell,47,47
2004.03,Smooth,58,58
2004.03,Higher,57,57
2004.03,The Way You Love Me,53,53
2004.03,Kryptonite,53,53
2004.03,Amazed,53,53
2004.03,Hanging By A Moment,52,52
2004.03,Unwell,51,51
2004.03,Drops Of Jupiter (Tell Me),51,51
2004.03,I Hope You Dance,48,48
2004.03,How You Remind Me,48,48
2004.04,Smooth,58,58
2004.04,Higher,57,57
2004.04,The Way You Love Me,53,53
2004.04,Kryptonite,53,53
2004.04,Amazed,53,53
2004.04,Hanging By A Moment,52,52
2004.04,Unwell,51,51
2004.04,Drops Of Jupiter (Tell Me),51,51
2004.04,I Hope You Dance,48,48
2004.04,How You Remind Me,48,48
2004.05,Smooth,58,58
2004.05,Higher,57,57
2004.05,The Way You Love Me,53,53
2004.05,Kryptonite,53,53
2004.05,Amazed,53,53
2004.05,Hanging By A Moment,52,52
2004.05,Unwell,51,51
2004.05,Drops Of Jupiter (Tell Me),51,51
2004.05,I Hope You Dance,48,48
2004.05,How You Remind Me,48,48
2004.06,Smooth,58,58
2004.06,Higher,57,57
2004.06,The Way You Love Me,53,53
2004.06,Kryptonite,53,53
2004.06,Amazed,53,53
2004.06,Hanging By A Moment,52,52
2004.06,Unwell,51,51
2004.06,Drops Of Jupiter (Tell Me),51,51
2004.06,I Hope You Dance,48,48
2004.06,How You Remind Me,48,48
2004.07,Smooth,58,58
2004.07,Higher,57,57
2004.07,The Way You Love Me,53,53
2004.07,Kryptonite,53,53
2004.07,Amazed,53,53
2004.07,Hanging By A Moment,52,52
2004.07,Unwell,51,51
2004.07,Drops Of Jupiter (Tell Me),51,51
2004.07,Someday,46,46
2004.07,Here Without You,45,45
2004.08,Smooth,58,58
2004.08,Higher,57,57
2004.08,The Way You Love Me,53,53
2004.08,Kryptonite,53,53
2004.08,Amazed,53,53
2004.08,Hanging By A Moment,52,52
2004.08,Unwell,51,51
2004.08,Drops Of Jupiter (Tell Me),51,51
2004.08,Here Without You,50,50
2004.08,Someday,46,46
2004.09,Smooth,58,58
2004.09,Higher,57,57
2004.09,The Way You Love Me,53,53
2004.09,Kryptonite,53,53
2004.09,Amazed,53,53
2004.09,Hanging By A Moment,52,52
2004.09,Unwell,51,51
2004.09,Drops Of Jupiter (Tell Me),51,51
2004.09,Here Without You,50,50
2004.09,Someday,46,46
2004.1,Smooth,58,58
2004.1,Higher,57,57
2004.1,The Way You Love Me,53,53
2004.1,Kryptonite,53,53
2004.1,Amazed,53,53
2004.1,Hanging By A Moment,52,52
2004.1,Unwell,51,51
2004.1,Drops Of Jupiter (Tell Me),51,51
2004.1,Here Without You,50,50
2004.1,Someday,46,46
2004.11,Smooth,58,58
2004.11,Higher,57,57
2004.11,The Way You Love Me,53,53
2004.11,Kryptonite,53,53
2004.11,Amazed,53,53
2004.11,Hanging By A Moment,52,52
2004.11,Unwell,51,51
2004.11,Drops Of Jupiter (Tell Me),51,51
2004.11,Here Without You,50,50
2004.11,Someday,46,46
2004.12,Smooth,58,58
2004.12,Higher,57,57
2004.12,The Way You Love Me,53,53
2004.12,Kryptonite,53,53
2004.12,Amazed,53,53
2004.12,Hanging By A Moment,52,52
2004.12,Unwell,51,51
2004.12,Drops Of Jupiter (Tell Me),51,51
2004.12,Here Without You,50,50
2004.12,Someday,46,46
2005.01,Smooth,58,58
2005.01,Higher,57,57
2005.01,The Way You Love Me,53,53
2005.01,Kryptonite,53,53
2005.01,Amazed,53,53
2005.01,Hanging By A Moment,52,52
2005.01,Unwell,51,51
2005.01,Drops Of Jupiter (Tell Me),51,51
2005.01,Here Without You,50,50
2005.01,Someday,46,46
2005.02,Smooth,58,58
2005.02,Higher,57,57
2005.02,The Way You Love Me,53,53
2005.02,Kryptonite,53,53
2005.02,Amazed,53,53
2005.02,Hanging By A Moment,52,52
2005.02,Unwell,51,51
2005.02,Drops Of Jupiter (Tell Me),51,51
2005.02,Here Without You,50,50
2005.02,Someday,46,46
2005.03,Smooth,58,58
2005.03,Higher,57,57
2005.03,The Way You Love Me,53,53
2005.03,Kryptonite,53,53
2005.03,Amazed,53,53
2005.03,Hanging By A Moment,52,52
2005.03,Unwell,51,51
2005.03,Drops Of Jupiter (Tell Me),51,51
2005.03,Here Without You,50,50
2005.03,Someday,46,46
2005.04,Smooth,58,58
2005.04,Higher,57,57
2005.04,The Way You Love Me,53,53
2005.04,Kryptonite,53,53
2005.04,Amazed,53,53
2005.04,Hanging By A Moment,52,52
2005.04,Unwell,51,51
2005.04,Drops Of Jupiter (Tell Me),51,51
2005.04,Here Without You,50,50
2005.04,Someday,46,46
2005.05,Smooth,58,58
2005.05,Higher,57,57
2005.05,The Way You Love Me,53,53
2005.05,Kryptonite,53,53
2005.05,Amazed,53,53
2005.05,Hanging By A Moment,52,52
2005.05,Unwell,51,51
2005.05,Drops Of Jupiter (Tell Me),51,51
2005.05,Here Without You,50,50
2005.05,Someday,46,46
2005.06,Smooth,58,58
2005.06,Higher,57,57
2005.06,The Way You Love Me,53,53
2005.06,Kryptonite,53,53
2005.06,Amazed,53,53
2005.06,Hanging By A Moment,52,52
2005.06,Unwell,51,51
2005.06,Drops Of Jupiter (Tell Me),51,51
2005.06,Here Without You,50,50
2005.06,Someday,46,46
2005.07,Smooth,58,58
2005.07,Higher,57,57
2005.07,The Way You Love Me,53,53
2005.07,Kryptonite,53,53
2005.07,Amazed,53,53
2005.07,Hanging By A Moment,52,52
2005.07,Unwell,51,51
2005.07,Drops Of Jupiter (Tell Me),51,51
2005.07,Here Without You,50,50
2005.07,Someday,46,46
2005.08,Smooth,58,58
2005.08,Higher,57,57
2005.08,The Way You Love Me,53,53
2005.08,Kryptonite,53,53
2005.08,Amazed,53,53
2005.08,Hanging By A Moment,52,52
2005.08,Unwell,51,51
2005.08,Drops Of Jupiter (Tell Me),51,51
2005.08,Here Without You,50,50
2005.08,Someday,46,46
2005.09,Smooth,58,58
2005.09,Higher,57,57
2005.09,The Way You Love Me,53,53
2005.09,Kryptonite,53,53
2005.09,Amazed,53,53
2005.09,Hanging By A Moment,52,52
2005.09,Unwell,51,51
2005.09,Drops Of Jupiter (Tell Me),51,51
2005.09,Here Without You,50,50
2005.09,Someday,46,46
2005.1,Smooth,58,58
2005.1,Higher,57,57
2005.1,The Way You Love Me,53,53
2005.1,Kryptonite,53,53
2005.1,Amazed,53,53
2005.1,Hanging By A Moment,52,52
2005.1,Unwell,51,51
2005.1,Drops Of Jupiter (Tell Me),51,51
2005.1,Here Without You,50,50
2005.1,Someday,46,46
2005.11,Smooth,58,58
2005.11,Higher,57,57
2005.11,The Way You Love Me,53,53
2005.11,Kryptonite,53,53
2005.11,Amazed,53,53
2005.11,Hanging By A Moment,52,52
2005.11,Unwell,51,51
2005.11,Drops Of Jupiter (Tell Me),51,51
2005.11,Here Without You,50,50
2005.11,Someday,46,46
2005.12,Smooth,58,58
2005.12,Higher,57,57
2005.12,The Way You Love Me,53,53
2005.12,Kryptonite,53,53
2005.12,Amazed,53,53
2005.12,Hanging By A Moment,52,52
2005.12,Unwell,51,51
2005.12,Drops Of Jupiter (Tell Me),51,51
2005.12,Here Without You,50,50
2005.12,Someday,46,46
2006.01,Smooth,58,58
2006.01,Higher,57,57
2006.01,The Way You Love Me,53,53
2006.01,Kryptonite,53,53
2006.01,Amazed,53,53
2006.01,Hanging By A Moment,52,52
2006.01,Unwell,51,51
2006.01,Drops Of Jupiter (Tell Me),51,51
2006.01,Here Without You,50,50
2006.01,You And Me,47,47
2006.02,Smooth,58,58
2006.02,Higher,57,57
2006.02,The Way You Love Me,53,53
2006.02,Kryptonite,53,53
2006.02,Amazed,53,53
2006.02,Hanging By A Moment,52,52
2006.02,You And Me,51,51
2006.02,Unwell,51,51
2006.02,Drops Of Jupiter (Tell Me),51,51
2006.02,Here Without You,50,50
2006.03,Smooth,58,58
2006.03,Higher,57,57
2006.03,You And Me,55,55
2006.03,The Way You Love Me,53,53
2006.03,Kryptonite,53,53
2006.03,Amazed,53,53
2006.03,Hanging By A Moment,52,52
2006.03,Unwell,51,51
2006.03,Drops Of Jupiter (Tell Me),51,51
2006.03,Here Without You,50,50
2006.04,You And Me,59,59
2006.04,Smooth,58,58
2006.04,Higher,57,57
2006.04,The Way You Love Me,53,53
2006.04,Kryptonite,53,53
2006.04,Amazed,53,53
2006.04,Hanging By A Moment,52,52
2006.04,Unwell,51,51
2006.04,Drops Of Jupiter (Tell Me),51,51
2006.04,Here Without You,50,50
2006.05,You And Me,59,59
2006.05,Smooth,58,58
2006.05,Higher,57,57
2006.05,The Way You Love Me,53,53
2006.05,Kryptonite,53,53
2006.05,Amazed,53,53
2006.05,Hanging By A Moment,52,52
2006.05,Unwell,51,51
2006.05,Drops Of Jupiter (Tell Me),51,51
2006.05,Here Without You,50,50
2006.06,You And Me,59,59
2006.06,Smooth,58,58
2006.06,Higher,57,57
2006.06,The Way You Love Me,53,53
2006.06,Kryptonite,53,53
2006.06,Amazed,53,53
2006.06,Hanging By A Moment,52,52
2006.06,Unwell,51,51
2006.06,Drops Of Jupiter (Tell Me),51,51
2006.06,Here Without You,50,50
2006.07,You And Me,59,59
2006.07,Smooth,58,58
2006.07,Higher,57,57
2006.07,The Way You Love Me,53,53
2006.07,Kryptonite,53,53
2006.07,Amazed,53,53
2006.07,Hanging By A Moment,52,52
2006.07,Unwell,51,51
2006.07,Drops Of Jupiter (Tell Me),51,51
2006.07,Here Without You,50,50
2006.08,You And Me,59,59
2006.08,Smooth,58,58
2006.08,Higher,57,57
2006.08,The Way You Love Me,53,53
2006.08,Kryptonite,53,53
2006.08,Amazed,53,53
2006.08,Hanging By A Moment,52,52
2006.08,Unwell,51,51
2006.08,Drops Of Jupiter (Tell Me),51,51
2006.08,Here Without You,50,50
2006.09,You And Me,59,59
2006.09,Smooth,58,58
2006.09,Higher,57,57
2006.09,The Way You Love Me,53,53
2006.09,Kryptonite,53,53
2006.09,Amazed,53,53
2006.09,Hanging By A Moment,52,52
2006.09,Unwell,51,51
2006.09,Drops Of Jupiter (Tell Me),51,51
2006.09,Here Without You,50,50
2006.1,You And Me,59,59
2006.1,Smooth,58,58
2006.1,Higher,57,57
2006.1,The Way You Love Me,53,53
2006.1,Kryptonite,53,53
2006.1,Amazed,53,53
2006.1,Hanging By A Moment,52,52
2006.1,Unwell,51,51
2006.1,Drops Of Jupiter (Tell Me),51,51
2006.1,Here Without You,50,50
2006.11,You And Me,59,59
2006.11,Smooth,58,58
2006.11,Higher,57,57
2006.11,The Way You Love Me,53,53
2006.11,Kryptonite,53,53
2006.11,Amazed,53,53
2006.11,Hanging By A Moment,52,52
2006.11,Unwell,51,51
2006.11,Drops Of Jupiter (Tell Me),51,51
2006.11,Here Without You,50,50
2006.12,You And Me,59,59
2006.12,Smooth,58,58
2006.12,Higher,57,57
2006.12,The Way You Love Me,53,53
2006.12,Kryptonite,53,53
2006.12,Amazed,53,53
2006.12,Hanging By A Moment,52,52
2006.12,Unwell,51,51
2006.12,Drops Of Jupiter (Tell Me),51,51
2006.12,Here Without You,50,50
2007.01,You And Me,59,59
2007.01,Smooth,58,58
2007.01,Higher,57,57
2007.01,The Way You Love Me,53,53
2007.01,Kryptonite,53,53
2007.01,Amazed,53,53
2007.01,Hanging By A Moment,52,52
2007.01,Unwell,51,51
2007.01,Drops Of Jupiter (Tell Me),51,51
2007.01,Here Without You,50,50
2007.02,You And Me,59,59
2007.02,Smooth,58,58
2007.02,Higher,57,57
2007.02,The Way You Love Me,53,53
2007.02,Kryptonite,53,53
2007.02,Amazed,53,53
2007.02,Hanging By A Moment,52,52
2007.02,Unwell,51,51
2007.02,Drops Of Jupiter (Tell Me),51,51
2007.02,What Hurts The Most,51,51
2007.03,You And Me,59,59
2007.03,Smooth,58,58
2007.03,Higher,57,57
2007.03,The Way You Love Me,53,53
2007.03,Kryptonite,53,53
2007.03,Amazed,53,53
2007.03,Hanging By A Moment,52,52
2007.03,Unwell,51,51
2007.03,Drops Of Jupiter (Tell Me),51,51
2007.03,What Hurts The Most,51,51
2007.04,You And Me,59,59
2007.04,Smooth,58,58
2007.04,Higher,57,57
2007.04,The Way You Love Me,53,53
2007.04,Kryptonite,53,53
2007.04,Amazed,53,53
2007.04,Hanging By A Moment,52,52
2007.04,Unwell,51,51
2007.04,Drops Of Jupiter (Tell Me),51,51
2007.04,How To Save A Life,50,50
2007.05,You And Me,59,59
2007.05,Smooth,58,58
2007.05,Higher,57,57
2007.05,How To Save A Life,54,54
2007.05,The Way You Love Me,53,53
2007.05,Kryptonite,53,53
2007.05,Amazed,53,53
2007.05,Hanging By A Moment,52,52
2007.05,Unwell,51,51
2007.05,Drops Of Jupiter (Tell Me),51,51
2007.06,You And Me,59,59
2007.06,Smooth,58,58
2007.06,How To Save A Life,58,58
2007.06,Higher,57,57
2007.06,The Way You Love Me,53,53
2007.06,Kryptonite,53,53
2007.06,Amazed,53,53
2007.06,Hanging By A Moment,52,52
2007.06,Unwell,51,51
2007.06,Drops Of Jupiter (Tell Me),51,51
2007.07,You And Me,59,59
2007.07,Smooth,58,58
2007.07,How To Save A Life,58,58
2007.07,Higher,57,57
2007.07,The Way You Love Me,53,53
2007.07,Kryptonite,53,53
2007.07,Amazed,53,53
2007.07,Hanging By A Moment,52,52
2007.07,Unwell,51,51
2007.07,Drops Of Jupiter (Tell Me),51,51
2007.08,You And Me,59,59
2007.08,Smooth,58,58
2007.08,How To Save A Life,58,58
2007.08,Higher,57,57
2007.08,The Way You Love Me,53,53
2007.08,Kryptonite,53,53
2007.08,Amazed,53,53
2007.08,Hanging By A Moment,52,52
2007.08,Unwell,51,51
2007.08,Drops Of Jupiter (Tell Me),51,51
2007.09,You And Me,59,59
2007.09,Smooth,58,58
2007.09,How To Save A Life,58,58
2007.09,Higher,57,57
2007.09,The Way You Love Me,53,53
2007.09,Kryptonite,53,53
2007.09,Amazed,53,53
2007.09,Hanging By A Moment,52,52
2007.09,Unwell,51,51
2007.09,Before He Cheats,51,51
2007.1,You And Me,59,59
2007.1,Smooth,58,58
2007.1,How To Save A Life,58,58
2007.1,Higher,57,57
2007.1,Before He Cheats,56,56
2007.1,The Way You Love Me,53,53
2007.1,Kryptonite,53,53
2007.1,Amazed,53,53
2007.1,Hanging By A Moment,52,52
2007.1,Unwell,51,51
2007.11,Before He Cheats,60,60
2007.11,You And Me,59,59
2007.11,Smooth,58,58
2007.11,How To Save A Life,58,58
2007.11,Higher,57,57
2007.11,The Way You Love Me,53,53
2007.11,Kryptonite,53,53
2007.11,Amazed,53,53
2007.11,Hanging By A Moment,52,52
2007.11,Unwell,51,51
2007.12,Before He Cheats,64,64
2007.12,You And Me,59,59
2007.12,Smooth,58,58
2007.12,How To Save A Life,58,58
2007.12,Higher,57,57
2007.12,The Way You Love Me,53,53
2007.12,Kryptonite,53,53
2007.12,Amazed,53,53
2007.12,Hanging By A Moment,52,52
2007.12,Unwell,51,51
2008.01,Before He Cheats,64,64
2008.01,You And Me,59,59
2008.01,Smooth,58,58
2008.01,How To Save A Life,58,58
2008.01,Higher,57,57
2008.01,The Way You Love Me,53,53
2008.01,Kryptonite,53,53
2008.01,Amazed,53,53
2008.01,Hanging By A Moment,52,52
2008.01,Unwell,51,51
2008.02,Before He Cheats,64,64
2008.02,You And Me,59,59
2008.02,Smooth,58,58
2008.02,How To Save A Life,58,58
2008.02,Higher,57,57
2008.02,The Way You Love Me,53,53
2008.02,Kryptonite,53,53
2008.02,Amazed,53,53
2008.02,Hanging By A Moment,52,52
2008.02,Unwell,51,51
2008.03,Before He Cheats,64,64
2008.03,You And Me,59,59
2008.03,Smooth,58,58
2008.03,How To Save A Life,58,58
2008.03,Higher,57,57
2008.03,The Way You Love Me,53,53
2008.03,Kryptonite,53,53
2008.03,Amazed,53,53
2008.03,Hanging By A Moment,52,52
2008.03,Unwell,51,51
2008.04,Before He Cheats,64,64
2008.04,You And Me,59,59
2008.04,Smooth,58,58
2008.04,How To Save A Life,58,58
2008.04,Higher,57,57
2008.04,The Way You Love Me,53,53
2008.04,Kryptonite,53,53
2008.04,Amazed,53,53
2008.04,Hanging By A Moment,52,52
2008.04,Unwell,51,51
2008.05,Before He Cheats,64,64
2008.05,You And Me,59,59
2008.05,Smooth,58,58
2008.05,How To Save A Life,58,58
2008.05,Higher,57,57
2008.05,The Way You Love Me,53,53
2008.05,Kryptonite,53,53
2008.05,Amazed,53,53
2008.05,Hanging By A Moment,52,52
2008.05,Unwell,51,51
2008.06,Before He Cheats,64,64
2008.06,You And Me,59,59
2008.06,Smooth,58,58
2008.06,How To Save A Life,58,58
2008.06,Higher,57,57
2008.06,The Way You Love Me,53,53
2008.06,Kryptonite,53,53
2008.06,Amazed,53,53
2008.06,Hanging By A Moment,52,52
2008.06,Unwell,51,51
2008.07,Before He Cheats,64,64
2008.07,You And Me,59,59
2008.07,Smooth,58,58
2008.07,How To Save A Life,58,58
2008.07,Higher,57,57
2008.07,The Way You Love Me,53,53
2008.07,Kryptonite,53,53
2008.07,Amazed,53,53
2008.07,Hanging By A Moment,52,52
2008.07,Unwell,51,51
2008.08,Before He Cheats,64,64
2008.08,You And Me,59,59
2008.08,Smooth,58,58
2008.08,How To Save A Life,58,58
2008.08,Higher,57,57
2008.08,The Way You Love Me,53,53
2008.08,Kryptonite,53,53
2008.08,Amazed,53,53
2008.08,Hanging By A Moment,52,52
2008.08,Unwell,51,51
2008.09,Before He Cheats,64,64
2008.09,You And Me,59,59
2008.09,Smooth,58,58
2008.09,How To Save A Life,58,58
2008.09,Higher,57,57
2008.09,The Way You Love Me,53,53
2008.09,Kryptonite,53,53
2008.09,Amazed,53,53
2008.09,Hanging By A Moment,52,52
2008.09,Unwell,51,51
2008.1,Before He Cheats,64,64
2008.1,You And Me,59,59
2008.1,Smooth,58,58
2008.1,How To Save A Life,58,58
2008.1,Higher,57,57
2008.1,The Way You Love Me,53,53
2008.1,Kryptonite,53,53
2008.1,Amazed,53,53
2008.1,Hanging By A Moment,52,52
2008.1,Unwell,51,51
2008.11,Before He Cheats,64,64
2008.11,You And Me,59,59
2008.11,Smooth,58,58
2008.11,How To Save A Life,58,58
2008.11,Higher,57,57
2008.11,The Way You Love Me,53,53
2008.11,Kryptonite,53,53
2008.11,Amazed,53,53
2008.11,Hanging By A Moment,52,52
2008.11,Unwell,51,51
2008.12,Before He Cheats,64,64
2008.12,You And Me,59,59
2008.12,Smooth,58,58
2008.12,How To Save A Life,58,58
2008.12,Higher,57,57
2008.12,The Way You Love Me,53,53
2008.12,Kryptonite,53,53
2008.12,Amazed,53,53
2008.12,Hanging By A Moment,52,52
2008.12,Unwell,51,51
2009.01,Before He Cheats,64,64
2009.01,You And Me,59,59
2009.01,Smooth,58,58
2009.01,How To Save A Life,58,58
2009.01,Higher,57,57
2009.01,The Way You Love Me,53,53
2009.01,Kryptonite,53,53
2009.01,Amazed,53,53
2009.01,Hanging By A Moment,52,52
2009.01,Unwell,51,51
2009.02,Before He Cheats,64,64
2009.02,You And Me,59,59
2009.02,Smooth,58,58
2009.02,How To Save A Life,58,58
2009.02,Higher,57,57
2009.02,The Way You Love Me,53,53
2009.02,Kryptonite,53,53
2009.02,Amazed,53,53
2009.02,Hanging By A Moment,52,52
2009.02,Unwell,51,51
2009.03,Before He Cheats,64,64
2009.03,You And Me,59,59
2009.03,Smooth,58,58
2009.03,How To Save A Life,58,58
2009.03,Higher,57,57
2009.03,The Way You Love Me,53,53
2009.03,Kryptonite,53,53
2009.03,Amazed,53,53
2009.03,Hanging By A Moment,52,52
2009.03,Unwell,51,51
2009.04,Before He Cheats,64,64
2009.04,You And Me,59,59
2009.04,Smooth,58,58
2009.04,How To Save A Life,58,58
2009.04,Higher,57,57
2009.04,The Way You Love Me,53,53
2009.04,Kryptonite,53,53
2009.04,Amazed,53,53
2009.04,Hanging By A Moment,52,52
2009.04,I'm Yours,49,49
2009.05,Before He Cheats,64,64
2009.05,You And Me,59,59
2009.05,Smooth,58,58
2009.05,How To Save A Life,58,58
2009.05,Higher,57,57
2009.05,The Way You Love Me,53,53
2009.05,Kryptonite,53,53
2009.05,I'm Yours,53,53
2009.05,Amazed,53,53
2009.05,Hanging By A Moment,52,52
2009.06,Before He Cheats,64,64
2009.06,You And Me,59,59
2009.06,Smooth,58,58
2009.06,I'm Yours,58,58
2009.06,How To Save A Life,58,58
2009.06,Higher,57,57
2009.06,The Way You Love Me,53,53
2009.06,Kryptonite,53,53
2009.06,Amazed,53,53
2009.06,Hanging By A Moment,52,52
2009.07,Before He Cheats,64,64
2009.07,I'm Yours,62,62
2009.07,You And Me,59,59
2009.07,Smooth,58,58
2009.07,How To Save A Life,58,58
2009.07,Higher,57,57
2009.07,The Way You Love Me,53,53
2009.07,Kryptonite,53,53
2009.07,Amazed,53,53
2009.07,Hanging By A Moment,52,52
2009.08,I'm Yours,66,66
2009.08,Before He Cheats,64,64
2009.08,You And Me,59,59
2009.08,Smooth,58,58
2009.08,How To Save A Life,58,58
2009.08,Higher,57,57
2009.08,The Way You Love Me,53,53
2009.08,Kryptonite,53,53
2009.08,Amazed,53,53
2009.08,Hanging By A Moment,52,52
2009.09,I'm Yours,71,71
2009.09,Before He Cheats,64,64
2009.09,You And Me,59,59
2009.09,Smooth,58,58
2009.09,How To Save A Life,58,58
2009.09,Higher,57,57
2009.09,The Way You Love Me,53,53
2009.09,Kryptonite,53,53
2009.09,Amazed,53,53
2009.09,Hanging By A Moment,52,52
2009.1,I'm Yours,75,75
2009.1,Before He Cheats,64,64
2009.1,You And Me,59,59
2009.1,Smooth,58,58
2009.1,How To Save A Life,58,58
2009.1,Higher,57,57
2009.1,The Way You Love Me,53,53
2009.1,Kryptonite,53,53
2009.1,Amazed,53,53
2009.1,Hanging By A Moment,52,52
2009.11,I'm Yours,75,75
2009.11,Before He Cheats,64,64
2009.11,You And Me,59,59
2009.11,Smooth,58,58
2009.11,How To Save A Life,58,58
2009.11,Higher,57,57
2009.11,The Way You Love Me,53,53
2009.11,Kryptonite,53,53
2009.11,Amazed,53,53
2009.11,Hanging By A Moment,52,52
2009.12,I'm Yours,75,75
2009.12,Before He Cheats,64,64
2009.12,You And Me,59,59
2009.12,Smooth,58,58
2009.12,How To Save A Life,58,58
2009.12,Higher,57,57
2009.12,The Way You Love Me,53,53
2009.12,Kryptonite,53,53
2009.12,Amazed,53,53
2009.12,Hanging By A Moment,52,52
2010.01,I'm Yours,75,75
2010.01,Before He Cheats,64,64
2010.01,You And Me,59,59
2010.01,Smooth,58,58
2010.01,How To Save A Life,58,58
2010.01,Higher,57,57
2010.01,The Way You Love Me,53,53
2010.01,Kryptonite,53,53
2010.01,Amazed,53,53
2010.01,Hanging By A Moment,52,52
2010.02,I'm Yours,75,75
2010.02,Before He Cheats,64,64
2010.02,Smooth,58,58
2010.02,How To Save A Life,58,58
2010.02,Higher,57,57
2010.02,The Way You Love Me,53,53
2010.02,Kryptonite,53,53
2010.02,Amazed,53,53
2010.02,Use Somebody,52,52
2010.02,You Belong With Me,40,40
2010.03,I'm Yours,75,75
2010.03,Before He Cheats,64,64
2010.03,Smooth,58,58
2010.03,How To Save A Life,58,58
2010.03,Higher,57,57
2010.03,Use Somebody,56,56
2010.03,The Way You Love Me,53,53
2010.03,Kryptonite,53,53
2010.03,Amazed,53,53
2010.03,You Belong With Me,44,44
2010.04,I'm Yours,75,75
2010.04,Before He Cheats,64,64
2010.04,Smooth,58,58
2010.04,How To Save A Life,58,58
2010.04,Higher,57,57
2010.04,Use Somebody,56,56
2010.04,The Way You Love Me,53,53
2010.04,Kryptonite,53,53
2010.04,Amazed,53,53
2010.04,You Belong With Me,48,48
2010.05,I'm Yours,75,75
2010.05,Before He Cheats,64,64
2010.05,Smooth,58,58
2010.05,How To Save A Life,58,58
2010.05,Higher,57,57
2010.05,Use Somebody,56,56
2010.05,The Way You Love Me,53,53
2010.05,Kryptonite,53,53
2010.05,Amazed,53,53
2010.05,I Gotta Feeling,45,45
2010.06,I'm Yours,75,75
2010.06,Before He Cheats,64,64
2010.06,Smooth,58,58
2010.06,How To Save A Life,58,58
2010.06,Higher,57,57
2010.06,Use Somebody,56,56
2010.06,The Way You Love Me,53,53
2010.06,Kryptonite,53,53
2010.06,Amazed,53,53
2010.06,I Gotta Feeling,50,50
2010.07,I'm Yours,75,75
2010.07,Before He Cheats,64,64
2010.07,Smooth,58,58
2010.07,How To Save A Life,58,58
2010.07,Higher,57,57
2010.07,Use Somebody,56,56
2010.07,I Gotta Feeling,54,54
2010.07,The Way You Love Me,53,53
2010.07,Kryptonite,53,53
2010.07,Amazed,53,53
2010.08,I'm Yours,75,75
2010.08,Before He Cheats,64,64
2010.08,Smooth,58,58
2010.08,How To Save A Life,58,58
2010.08,Higher,57,57
2010.08,Use Somebody,56,56
2010.08,I Gotta Feeling,54,54
2010.08,The Way You Love Me,53,53
2010.08,Kryptonite,53,53
2010.08,Amazed,53,53
2010.09,I'm Yours,75,75
2010.09,Before He Cheats,64,64
2010.09,Smooth,58,58
2010.09,How To Save A Life,58,58
2010.09,Higher,57,57
2010.09,Use Somebody,56,56
2010.09,Need You Now,54,54
2010.09,I Gotta Feeling,54,54
2010.09,The Way You Love Me,53,53
2010.09,Kryptonite,53,53
2010.1,I'm Yours,75,75
2010.1,Before He Cheats,64,64
2010.1,Smooth,58,58
2010.1,Need You Now,58,58
2010.1,How To Save A Life,58,58
2010.1,Higher,57,57
2010.1,Use Somebody,56,56
2010.1,I Gotta Feeling,54,54
2010.1,The Way You Love Me,53,53
2010.1,"Hey, Soul Sister",51,51
2010.11,I'm Yours,75,75
2010.11,Before He Cheats,64,64
2010.11,Smooth,58,58
2010.11,Need You Now,58,58
2010.11,How To Save A Life,58,58
2010.11,Higher,57,57
2010.11,Use Somebody,56,56
2010.11,I Gotta Feeling,54,54
2010.11,The Way You Love Me,53,53
2010.11,"Hey, Soul Sister",51,51
2010.12,I'm Yours,75,75
2010.12,Before He Cheats,64,64
2010.12,Smooth,58,58
2010.12,Need You Now,58,58
2010.12,How To Save A Life,58,58
2010.12,Higher,57,57
2010.12,Use Somebody,56,56
2010.12,I Gotta Feeling,54,54
2010.12,The Way You Love Me,53,53
2010.12,I Like It,28,28
2011.01,I'm Yours,75,75
2011.01,Before He Cheats,64,64
2011.01,Smooth,58,58
2011.01,Need You Now,58,58
2011.01,How To Save A Life,58,58
2011.01,Use Somebody,56,56
2011.01,I Gotta Feeling,54,54
2011.01,The Way You Love Me,53,53
2011.01,I Like It,32,32
2011.01,Dynamite,29,29
2011.02,I'm Yours,75,75
2011.02,Before He Cheats,64,64
2011.02,Smooth,58,58
2011.02,How To Save A Life,58,58
2011.02,Use Somebody,56,56
2011.02,I Gotta Feeling,54,54
2011.02,The Way You Love Me,53,53
2011.02,I Like It,37,37
2011.02,Dynamite,34,34
2011.02,Animal,34,34
2011.03,I'm Yours,75,75
2011.03,Before He Cheats,64,64
2011.03,Smooth,58,58
2011.03,How To Save A Life,58,58
2011.03,Use Somebody,56,56
2011.03,I Gotta Feeling,54,54
2011.03,The Way You Love Me,53,53
2011.03,Dynamite,38,38
2011.03,I Like It,37,37
2011.03,DJ Got Us Fallin' In Love,32,32
2011.04,I'm Yours,75,75
2011.04,Before He Cheats,64,64
2011.04,Smooth,58,58
2011.04,How To Save A Life,58,58
2011.04,Use Somebody,56,56
2011.04,I Gotta Feeling,54,54
2011.04,The Way You Love Me,53,53
2011.04,Dynamite,42,42
2011.04,I Like It,37,37
2011.04,Just The Way You Are,35,35
2011.05,I'm Yours,75,75
2011.05,Before He Cheats,64,64
2011.05,Smooth,58,58
2011.05,How To Save A Life,58,58
2011.05,Use Somebody,56,56
2011.05,I Gotta Feeling,54,54
2011.05,The Way You Love Me,53,53
2011.05,Dynamite,47,47
2011.05,Just The Way You Are,40,40
2011.05,F**k You! (Forget You),35,35
2011.06,I'm Yours,75,75
2011.06,Before He Cheats,64,64
2011.06,Smooth,58,58
2011.06,How To Save A Life,58,58
2011.06,Use Somebody,56,56
2011.06,I Gotta Feeling,54,54
2011.06,The Way You Love Me,53,53
2011.06,Dynamite,47,47
2011.06,Just The Way You Are,44,44
2011.06,F**k You! (Forget You),39,39
2011.07,I'm Yours,75,75
2011.07,Before He Cheats,64,64
2011.07,Smooth,58,58
2011.07,How To Save A Life,58,58
2011.07,Use Somebody,56,56
2011.07,I Gotta Feeling,54,54
2011.07,The Way You Love Me,53,53
2011.07,Just The Way You Are,48,48
2011.07,Dynamite,47,47
2011.07,F**k You! (Forget You),43,43
2011.08,I'm Yours,75,75
2011.08,Before He Cheats,64,64
2011.08,Smooth,58,58
2011.08,How To Save A Life,58,58
2011.08,Use Somebody,56,56
2011.08,I Gotta Feeling,54,54
2011.08,The Way You Love Me,53,53
2011.08,Just The Way You Are,48,48
2011.08,F**k You! (Forget You),48,48
2011.08,Dynamite,47,47
2011.09,I'm Yours,75,75
2011.09,Before He Cheats,64,64
2011.09,Smooth,58,58
2011.09,How To Save A Life,58,58
2011.09,Use Somebody,56,56
2011.09,I Gotta Feeling,54,54
2011.09,The Way You Love Me,53,53
2011.09,Just The Way You Are,48,48
2011.09,F**k You! (Forget You),48,48
2011.09,Dynamite,47,47
2011.1,I'm Yours,75,75
2011.1,Before He Cheats,64,64
2011.1,Smooth,58,58
2011.1,How To Save A Life,58,58
2011.1,Use Somebody,56,56
2011.1,I Gotta Feeling,54,54
2011.1,The Way You Love Me,53,53
2011.1,Just The Way You Are,48,48
2011.1,F**k You! (Forget You),48,48
2011.1,Dynamite,47,47
2011.11,I'm Yours,75,75
2011.11,Before He Cheats,64,64
2011.11,Smooth,58,58
2011.11,How To Save A Life,58,58
2011.11,Use Somebody,56,56
2011.11,I Gotta Feeling,54,54
2011.11,The Way You Love Me,53,53
2011.11,Just The Way You Are,48,48
2011.11,If I Die Young,48,48
2011.11,F**k You! (Forget You),48,48
2011.12,I'm Yours,75,75
2011.12,Before He Cheats,64,64
2011.12,Smooth,58,58
2011.12,How To Save A Life,58,58
2011.12,Use Somebody,56,56
2011.12,I Gotta Feeling,54,54
2011.12,The Way You Love Me,53,53
2011.12,If I Die Young,52,52
2011.12,Just The Way You Are,48,48
2011.12,Rolling In The Deep,46,46
2012.01,I'm Yours,75,75
2012.01,Before He Cheats,64,64
2012.01,Smooth,58,58
2012.01,How To Save A Life,58,58
2012.01,Use Somebody,56,56
2012.01,I Gotta Feeling,54,54
2012.01,The Way You Love Me,53,53
2012.01,If I Die Young,52,52
2012.01,Rolling In The Deep,51,51
2012.01,Just The Way You Are,48,48
2012.02,I'm Yours,75,75
2012.02,Before He Cheats,64,64
2012.02,Smooth,58,58
2012.02,How To Save A Life,58,58
2012.02,Use Somebody,56,56
2012.02,Rolling In The Deep,55,55
2012.02,I Gotta Feeling,54,54
2012.02,The Way You Love Me,53,53
2012.02,If I Die Young,52,52
2012.02,Just The Way You Are,48,48
2012.03,I'm Yours,75,75
2012.03,Before He Cheats,64,64
2012.03,Rolling In The Deep,59,59
2012.03,Smooth,58,58
2012.03,How To Save A Life,58,58
2012.03,Use Somebody,56,56
2012.03,I Gotta Feeling,54,54
2012.03,The Way You Love Me,53,53
2012.03,If I Die Young,52,52
2012.03,Party Rock Anthem,48,48
2012.04,I'm Yours,75,75
2012.04,Rolling In The Deep,64,64
2012.04,Before He Cheats,64,64
2012.04,Smooth,58,58
2012.04,How To Save A Life,58,58
2012.04,Use Somebody,56,56
2012.04,I Gotta Feeling,54,54
2012.04,The Way You Love Me,53,53
2012.04,Party Rock Anthem,53,53
2012.04,If I Die Young,52,52
2012.05,I'm Yours,75,75
2012.05,Rolling In The Deep,64,64
2012.05,Before He Cheats,64,64
2012.05,Smooth,58,58
2012.05,How To Save A Life,58,58
2012.05,Party Rock Anthem,57,57
2012.05,Use Somebody,56,56
2012.05,I Gotta Feeling,54,54
2012.05,The Way You Love Me,53,53
2012.05,If I Die Young,52,52
2012.06,I'm Yours,75,75
2012.06,Rolling In The Deep,64,64
2012.06,Before He Cheats,64,64
2012.06,Party Rock Anthem,61,61
2012.06,Smooth,58,58
2012.06,How To Save A Life,58,58
2012.06,Use Somebody,56,56
2012.06,I Gotta Feeling,54,54
2012.06,The Way You Love Me,53,53
2012.06,If I Die Young,52,52
2012.07,I'm Yours,75,75
2012.07,Party Rock Anthem,66,66
2012.07,Rolling In The Deep,64,64
2012.07,Before He Cheats,64,64
2012.07,Smooth,58,58
2012.07,How To Save A Life,58,58
2012.07,Use Somebody,56,56
2012.07,I Gotta Feeling,54,54
2012.07,The Way You Love Me,53,53
2012.07,If I Die Young,52,52
2012.08,I'm Yours,75,75
2012.08,Party Rock Anthem,66,66
2012.08,Rolling In The Deep,64,64
2012.08,Before He Cheats,64,64
2012.08,Smooth,58,58
2012.08,How To Save A Life,58,58
2012.08,Use Somebody,56,56
2012.08,I Gotta Feeling,54,54
2012.08,The Way You Love Me,53,53
2012.08,If I Die Young,52,52
2012.09,I'm Yours,75,75
2012.09,Party Rock Anthem,66,66
2012.09,Rolling In The Deep,64,64
2012.09,Before He Cheats,64,64
2012.09,Smooth,58,58
2012.09,How To Save A Life,58,58
2012.09,Use Somebody,56,56
2012.09,I Gotta Feeling,54,54
2012.09,The Way You Love Me,53,53
2012.09,If I Die Young,52,52
2012.1,I'm Yours,75,75
2012.1,Party Rock Anthem,66,66
2012.1,Rolling In The Deep,64,64
2012.1,Before He Cheats,64,64
2012.1,Smooth,58,58
2012.1,How To Save A Life,58,58
2012.1,Use Somebody,56,56
2012.1,I Gotta Feeling,54,54
2012.1,The Way You Love Me,53,53
2012.1,If I Die Young,52,52
2012.11,I'm Yours,75,75
2012.11,Party Rock Anthem,66,66
2012.11,Rolling In The Deep,64,64
2012.11,Before He Cheats,64,64
2012.11,Smooth,58,58
2012.11,How To Save A Life,58,58
2012.11,Use Somebody,56,56
2012.11,I Gotta Feeling,54,54
2012.11,The Way You Love Me,53,53
2012.11,If I Die Young,52,52
2012.12,I'm Yours,75,75
2012.12,Party Rock Anthem,66,66
2012.12,Rolling In The Deep,64,64
2012.12,Before He Cheats,64,64
2012.12,Smooth,58,58
2012.12,How To Save A Life,58,58
2012.12,Use Somebody,56,56
2012.12,I Gotta Feeling,54,54
2012.12,The Way You Love Me,53,53
2012.12,If I Die Young,52,52
2013.01,I'm Yours,75,75
2013.01,Party Rock Anthem,66,66
2013.01,Rolling In The Deep,64,64
2013.01,Before He Cheats,64,64
2013.01,Smooth,58,58
2013.01,How To Save A Life,58,58
2013.01,Use Somebody,56,56
2013.01,I Gotta Feeling,54,54
2013.01,Lights,53,53
2013.01,Somebody That I Used To Know,51,51
2013.02,I'm Yours,75,75
2013.02,Party Rock Anthem,66,66
2013.02,Rolling In The Deep,64,64
2013.02,Before He Cheats,64,64
2013.02,Smooth,58,58
2013.02,How To Save A Life,58,58
2013.02,Lights,57,57
2013.02,Use Somebody,56,56
2013.02,Somebody That I Used To Know,55,55
2013.02,I Gotta Feeling,54,54
2013.03,I'm Yours,75,75
2013.03,Party Rock Anthem,66,66
2013.03,Rolling In The Deep,64,64
2013.03,Before He Cheats,64,64
2013.03,Somebody That I Used To Know,59,59
2013.03,Smooth,58,58
2013.03,How To Save A Life,58,58
2013.03,Lights,57,57
2013.03,Use Somebody,56,56
2013.03,Some Nights,52,52
2013.04,I'm Yours,75,75
2013.04,Party Rock Anthem,66,66
2013.04,Rolling In The Deep,64,64
2013.04,Before He Cheats,64,64
2013.04,Somebody That I Used To Know,59,59
2013.04,Smooth,58,58
2013.04,How To Save A Life,58,58
2013.04,Lights,57,57
2013.04,Use Somebody,56,56
2013.04,Some Nights,52,52
2013.05,I'm Yours,75,75
2013.05,Party Rock Anthem,66,66
2013.05,Rolling In The Deep,64,64
2013.05,Before He Cheats,64,64
2013.05,Somebody That I Used To Know,59,59
2013.05,Smooth,58,58
2013.05,How To Save A Life,58,58
2013.05,Lights,57,57
2013.05,Use Somebody,56,56
2013.05,Some Nights,52,52
2013.06,I'm Yours,75,75
2013.06,Party Rock Anthem,66,66
2013.06,Rolling In The Deep,64,64
2013.06,Before He Cheats,64,64
2013.06,Somebody That I Used To Know,59,59
2013.06,Smooth,58,58
2013.06,How To Save A Life,58,58
2013.06,Lights,57,57
2013.06,Use Somebody,56,56
2013.06,Ho Hey,50,50
2013.07,I'm Yours,75,75
2013.07,Party Rock Anthem,66,66
2013.07,Rolling In The Deep,64,64
2013.07,Before He Cheats,64,64
2013.07,Somebody That I Used To Know,59,59
2013.07,Smooth,58,58
2013.07,How To Save A Life,58,58
2013.07,Lights,57,57
2013.07,Use Somebody,56,56
2013.07,Ho Hey,55,55
2013.08,I'm Yours,75,75
2013.08,Party Rock Anthem,66,66
2013.08,Rolling In The Deep,64,64
2013.08,Before He Cheats,64,64
2013.08,Somebody That I Used To Know,59,59
2013.08,Ho Hey,59,59
2013.08,Smooth,58,58
2013.08,How To Save A Life,58,58
2013.08,Lights,57,57
2013.08,Use Somebody,56,56
2013.09,I'm Yours,75,75
2013.09,Party Rock Anthem,66,66
2013.09,Rolling In The Deep,64,64
2013.09,Before He Cheats,64,64
2013.09,Somebody That I Used To Know,59,59
2013.09,Ho Hey,59,59
2013.09,Smooth,58,58
2013.09,How To Save A Life,58,58
2013.09,Lights,57,57
2013.09,Use Somebody,56,56
2013.1,I'm Yours,75,75
2013.1,Party Rock Anthem,66,66
2013.1,Rolling In The Deep,64,64
2013.1,Before He Cheats,64,64
2013.1,Somebody That I Used To Know,59,59
2013.1,Ho Hey,59,59
2013.1,Smooth,58,58
2013.1,How To Save A Life,58,58
2013.1,Radioactive,56,56
2013.1,Sail,55,55
2013.11,I'm Yours,75,75
2013.11,Party Rock Anthem,66,66
2013.11,Rolling In The Deep,64,64
2013.11,Before He Cheats,64,64
2013.11,Radioactive,60,60
2013.11,Somebody That I Used To Know,59,59
2013.11,Sail,59,59
2013.11,Ho Hey,59,59
2013.11,Smooth,58,58
2013.11,How To Save A Life,58,58
2013.12,I'm Yours,75,75
2013.12,Party Rock Anthem,66,66
2013.12,Radioactive,65,65
2013.12,Sail,64,64
2013.12,Rolling In The Deep,64,64
2013.12,Before He Cheats,64,64
2013.12,Somebody That I Used To Know,59,59
2013.12,Ho Hey,59,59
2013.12,Smooth,58,58
2013.12,How To Save A Life,58,58
2014.01,I'm Yours,75,75
2014.01,Radioactive,69,69
2014.01,Sail,68,68
2014.01,Party Rock Anthem,66,66
2014.01,Rolling In The Deep,64,64
2014.01,Before He Cheats,64,64
2014.01,Somebody That I Used To Know,59,59
2014.01,Ho Hey,59,59
2014.01,Smooth,58,58
2014.01,How To Save A Life,58,58
2014.02,I'm Yours,75,75
2014.02,Radioactive,73,73
2014.02,Sail,72,72
2014.02,Party Rock Anthem,66,66
2014.02,Rolling In The Deep,64,64
2014.02,Before He Cheats,64,64
2014.02,Somebody That I Used To Know,59,59
2014.02,Ho Hey,59,59
2014.02,Smooth,58,58
2014.02,How To Save A Life,58,58
2014.03,Radioactive,77,77
2014.03,Sail,76,76
2014.03,I'm Yours,75,75
2014.03,Party Rock Anthem,66,66
2014.03,Rolling In The Deep,64,64
2014.03,Before He Cheats,64,64
2014.03,Somebody That I Used To Know,59,59
2014.03,Ho Hey,59,59
2014.03,Smooth,58,58
2014.03,How To Save A Life,58,58
2014.04,Radioactive,82,82
2014.04,Sail,76,76
2014.04,I'm Yours,75,75
2014.04,Party Rock Anthem,66,66
2014.04,Rolling In The Deep,64,64
2014.04,Before He Cheats,64,64
2014.04,Somebody That I Used To Know,59,59
2014.04,Ho Hey,59,59
2014.04,Smooth,58,58
2014.04,How To Save A Life,58,58
2014.05,Radioactive,86,86
2014.05,Sail,76,76
2014.05,I'm Yours,75,75
2014.05,Party Rock Anthem,66,66
2014.05,Rolling In The Deep,64,64
2014.05,Before He Cheats,64,64
2014.05,Somebody That I Used To Know,59,59
2014.05,Ho Hey,59,59
2014.05,Smooth,58,58
2014.05,How To Save A Life,58,58
2014.06,Radioactive,86,86
2014.06,Sail,76,76
2014.06,I'm Yours,75,75
2014.06,Party Rock Anthem,66,66
2014.06,Rolling In The Deep,64,64
2014.06,Before He Cheats,64,64
2014.06,Ho Hey,59,59
2014.06,Smooth,58,58
2014.06,Demons,57,57
2014.06,Give Me Back My Hometown,20,20
2014.07,Radioactive,86,86
2014.07,Sail,76,76
2014.07,I'm Yours,75,75
2014.07,Party Rock Anthem,66,66
2014.07,Rolling In The Deep,64,64
2014.07,Before He Cheats,64,64
2014.07,Demons,61,61
2014.07,Ho Hey,59,59
2014.07,Smooth,58,58
2014.07,Counting Stars,53,53
2014.08,Radioactive,86,86
2014.08,Sail,76,76
2014.08,I'm Yours,75,75
2014.08,Party Rock Anthem,66,66
2014.08,Rolling In The Deep,64,64
2014.08,Before He Cheats,64,64
2014.08,Demons,61,61
2014.08,Ho Hey,59,59
2014.08,Smooth,58,58
2014.08,Counting Stars,57,57
2014.09,Radioactive,86,86
2014.09,Sail,76,76
2014.09,I'm Yours,75,75
2014.09,Party Rock Anthem,66,66
2014.09,Rolling In The Deep,64,64
2014.09,Before He Cheats,64,64
2014.09,Counting Stars,62,62
2014.09,Demons,61,61
2014.09,Ho Hey,59,59
2014.09,Smooth,58,58
2014.1,Radioactive,86,86
2014.1,Sail,76,76
2014.1,I'm Yours,75,75
2014.1,Party Rock Anthem,66,66
2014.1,Counting Stars,66,66
2014.1,Rolling In The Deep,64,64
2014.1,Before He Cheats,64,64
2014.1,Demons,61,61
2014.1,Ho Hey,59,59
2014.1,Smooth,58,58
2014.11,Radioactive,86,86
2014.11,Sail,76,76
2014.11,I'm Yours,75,75
2014.11,Party Rock Anthem,66,66
2014.11,Counting Stars,66,66
2014.11,Rolling In The Deep,64,64
2014.11,Before He Cheats,64,64
2014.11,Demons,61,61
2014.11,Ho Hey,59,59
2014.11,Smooth,58,58
2014.12,Radioactive,86,86
2014.12,Sail,76,76
2014.12,I'm Yours,75,75
2014.12,Party Rock Anthem,66,66
2014.12,Counting Stars,66,66
2014.12,Rolling In The Deep,64,64
2014.12,Before He Cheats,64,64
2014.12,Demons,61,61
2014.12,Ho Hey,59,59
2014.12,All Of Me,59,59
2015.01,Radioactive,86,86
2015.01,Sail,76,76
2015.01,I'm Yours,75,75
2015.01,Party Rock Anthem,66,66
2015.01,Counting Stars,66,66
2015.01,Rolling In The Deep,64,64
2015.01,Before He Cheats,64,64
2015.01,Demons,61,61
2015.01,Ho Hey,59,59
2015.01,All Of Me,59,59
2015.02,Radioactive,86,86
2015.02,Sail,76,76
2015.02,I'm Yours,75,75
2015.02,Party Rock Anthem,66,66
2015.02,Counting Stars,66,66
2015.02,Rolling In The Deep,64,64
2015.02,Before He Cheats,64,64
2015.02,Demons,61,61
2015.02,Ho Hey,59,59
2015.02,All Of Me,59,59
2015.03,Radioactive,86,86
2015.03,Sail,76,76
2015.03,I'm Yours,75,75
2015.03,Party Rock Anthem,66,66
2015.03,Counting Stars,66,66
2015.03,Rolling In The Deep,64,64
2015.03,Before He Cheats,64,64
2015.03,Demons,61,61
2015.03,Ho Hey,59,59
2015.03,All Of Me,59,59
2015.04,Radioactive,86,86
2015.04,Sail,76,76
2015.04,I'm Yours,75,75
2015.04,Party Rock Anthem,66,66
2015.04,Counting Stars,66,66
2015.04,Rolling In The Deep,64,64
2015.04,Before He Cheats,64,64
2015.04,Demons,61,61
2015.04,Ho Hey,59,59
2015.04,All Of Me,59,59
2015.05,Radioactive,86,86
2015.05,Sail,76,76
2015.05,I'm Yours,75,75
2015.05,Party Rock Anthem,66,66
2015.05,Counting Stars,66,66
2015.05,Rolling In The Deep,64,64
2015.05,Before He Cheats,64,64
2015.05,Demons,61,61
2015.05,Ho Hey,59,59
2015.05,All Of Me,59,59
2015.06,Radioactive,86,86
2015.06,Sail,76,76
2015.06,I'm Yours,75,75
2015.06,Party Rock Anthem,66,66
2015.06,Counting Stars,66,66
2015.06,Rolling In The Deep,64,64
2015.06,Before He Cheats,64,64
2015.06,Demons,61,61
2015.06,Ho Hey,59,59
2015.06,All Of Me,59,59
2015.07,Radioactive,86,86
2015.07,Sail,76,76
2015.07,I'm Yours,75,75
2015.07,Party Rock Anthem,66,66
2015.07,Counting Stars,66,66
2015.07,Rolling In The Deep,64,64
2015.07,Before He Cheats,64,64
2015.07,Demons,61,61
2015.07,Ho Hey,59,59
2015.07,All Of Me,59,59
2015.08,Radioactive,86,86
2015.08,Sail,76,76
2015.08,I'm Yours,75,75
2015.08,Party Rock Anthem,66,66
2015.08,Counting Stars,66,66
2015.08,Rolling In The Deep,64,64
2015.08,Before He Cheats,64,64
2015.08,Demons,61,61
2015.08,Ho Hey,59,59
2015.08,All Of Me,59,59
2015.09,Radioactive,86,86
2015.09,Sail,76,76
2015.09,I'm Yours,75,75
2015.09,Party Rock Anthem,66,66
2015.09,Counting Stars,66,66
2015.09,Rolling In The Deep,64,64
2015.09,Before He Cheats,64,64
2015.09,Demons,61,61
2015.09,Ho Hey,59,59
2015.09,All Of Me,59,59
2015.1,Radioactive,86,86
2015.1,Sail,76,76
2015.1,I'm Yours,75,75
2015.1,Party Rock Anthem,66,66
2015.1,Counting Stars,66,66
2015.1,Rolling In The Deep,64,64
2015.1,Before He Cheats,64,64
2015.1,Demons,61,61
2015.1,Ho Hey,59,59
2015.1,All Of Me,59,59
2015.11,Radioactive,86,86
2015.11,Sail,76,76
2015.11,I'm Yours,75,75
2015.11,Party Rock Anthem,66,66
2015.11,Counting Stars,66,66
2015.11,Rolling In The Deep,64,64
2015.11,Before He Cheats,64,64
2015.11,Demons,61,61
2015.11,Ho Hey,59,59
2015.11,All Of Me,59,59
2015.12,Radioactive,86,86
2015.12,Sail,76,76
2015.12,I'm Yours,75,75
2015.12,Party Rock Anthem,66,66
2015.12,Counting Stars,66,66
2015.12,Rolling In The Deep,64,64
2015.12,Before He Cheats,64,64
2015.12,Demons,61,61
2015.12,Ho Hey,59,59
2015.12,All Of Me,59,59
2016.01,Radioactive,86,86
2016.01,Sail,76,76
2016.01,I'm Yours,75,75
2016.01,Party Rock Anthem,66,66
2016.01,Counting Stars,66,66
2016.01,Rolling In The Deep,64,64
2016.01,Before He Cheats,64,64
2016.01,Demons,61,61
2016.01,Ho Hey,59,59
2016.01,All Of Me,59,59
2016.02,Radioactive,86,86
2016.02,Sail,76,76
2016.02,I'm Yours,75,75
2016.02,Party Rock Anthem,66,66
2016.02,Counting Stars,66,66
2016.02,Rolling In The Deep,64,64
2016.02,Before He Cheats,64,64
2016.02,Demons,61,61
2016.02,Ho Hey,59,59
2016.02,All Of Me,59,59
2016.03,Radioactive,86,86
2016.03,Sail,76,76
2016.03,I'm Yours,75,75
2016.03,Party Rock Anthem,66,66
2016.03,Counting Stars,66,66
2016.03,Rolling In The Deep,64,64
2016.03,Before He Cheats,64,64
2016.03,Demons,61,61
2016.03,Ho Hey,59,59
2016.03,All Of Me,59,59
2016.04,Radioactive,86,86
2016.04,Sail,76,76
2016.04,I'm Yours,75,75
2016.04,Party Rock Anthem,66,66
2016.04,Counting Stars,66,66
2016.04,Rolling In The Deep,64,64
2016.04,Before He Cheats,64,64
2016.04,Demons,61,61
2016.04,Ho Hey,59,59
2016.04,All Of Me,59,59
2016.05,Radioactive,86,86
2016.05,Sail,76,76
2016.05,I'm Yours,75,75
2016.05,Party Rock Anthem,66,66
2016.05,Counting Stars,66,66
2016.05,Rolling In The Deep,64,64
2016.05,Before He Cheats,64,64
2016.05,Demons,61,61
2016.05,Ho Hey,59,59
2016.05,All Of Me,59,59
2016.06,Radioactive,86,86
2016.06,Sail,76,76
2016.06,I'm Yours,75,75
2016.06,Party Rock Anthem,66,66
2016.06,Counting Stars,66,66
2016.06,Rolling In The Deep,64,64
2016.06,Before He Cheats,64,64
2016.06,Demons,61,61
2016.06,Ho Hey,59,59
2016.06,All Of Me,59,59
2016.07,Radioactive,86,86
2016.07,Sail,76,76
2016.07,I'm Yours,75,75
2016.07,Party Rock Anthem,66,66
2016.07,Counting Stars,66,66
2016.07,Rolling In The Deep,64,64
2016.07,Before He Cheats,64,64
2016.07,Demons,61,61
2016.07,Ho Hey,59,59
2016.07,All Of Me,59,59
2016.08,Radioactive,86,86
2016.08,Sail,76,76
2016.08,I'm Yours,75,75
2016.08,Party Rock Anthem,66,66
2016.08,Counting Stars,66,66
2016.08,Rolling In The Deep,64,64
2016.08,Before He Cheats,64,64
2016.08,Demons,61,61
2016.08,Ho Hey,59,59
2016.08,All Of Me,59,59
2016.09,Radioactive,86,86
2016.09,Sail,76,76
2016.09,I'm Yours,75,75
2016.09,Party Rock Anthem,66,66
2016.09,Counting Stars,66,66
2016.09,Rolling In The Deep,64,64
2016.09,Before He Cheats,64,64
2016.09,Demons,61,61
2016.09,Ho Hey,59,59
2016.09,All Of Me,59,59
2016.1,Radioactive,86,86
2016.1,Sail,76,76
2016.1,I'm Yours,75,75
2016.1,Party Rock Anthem,66,66
2016.1,Counting Stars,66,66
2016.1,Rolling In The Deep,64,64
2016.1,Before He Cheats,64,64
2016.1,Demons,61,61
2016.1,Ho Hey,59,59
2016.1,All Of Me,59,59
2016.11,Radioactive,86,86
2016.11,Sail,76,76
2016.11,I'm Yours,75,75
2016.11,Party Rock Anthem,66,66
2016.11,Counting Stars,66,66
2016.11,Rolling In The Deep,64,64
2016.11,Before He Cheats,64,64
2016.11,Demons,61,61
2016.11,Ho Hey,59,59
2016.11,All Of Me,59,59
2016.12,Radioactive,86,86
2016.12,Sail,76,76
2016.12,I'm Yours,75,75
2016.12,Party Rock Anthem,66,66
2016.12,Counting Stars,66,66
2016.12,Rolling In The Deep,64,64
2016.12,Before He Cheats,64,64
2016.12,Demons,61,61
2016.12,Ho Hey,59,59
2016.12,All Of Me,59,59
2017.01,Radioactive,86,86
2017.01,Sail,76,76
2017.01,I'm Yours,75,75
2017.01,Party Rock Anthem,66,66
2017.01,Counting Stars,66,66
2017.01,Rolling In The Deep,64,64
2017.01,Before He Cheats,64,64
2017.01,Demons,61,61
2017.01,Ho Hey,59,59
2017.01,All Of Me,59,59
2017.02,Radioactive,86,86
2017.02,Sail,76,76
2017.02,I'm Yours,75,75
2017.02,Party Rock Anthem,66,66
2017.02,Counting Stars,66,66
2017.02,Rolling In The Deep,64,64
2017.02,Before He Cheats,64,64
2017.02,Demons,61,61
2017.02,Ho Hey,59,59
2017.02,All Of Me,59,59
2017.03,Radioactive,86,86
2017.03,Sail,76,76
2017.03,I'm Yours,75,75
2017.03,Party Rock Anthem,66,66
2017.03,Counting Stars,66,66
2017.03,Rolling In The Deep,64,64
2017.03,Before He Cheats,64,64
2017.03,Demons,61,61
2017.03,Ho Hey,59,59
2017.03,All Of Me,59,59
2017.04,Radioactive,86,86
2017.04,Sail,76,76
2017.04,I'm Yours,75,75
2017.04,Party Rock Anthem,66,66
2017.04,Counting Stars,66,66
2017.04,Rolling In The Deep,64,64
2017.04,Before He Cheats,64,64
2017.04,Demons,61,61
2017.04,Ho Hey,59,59
2017.04,All Of Me,59,59
2017.05,Radioactive,86,86
2017.05,Sail,76,76
2017.05,I'm Yours,75,75
2017.05,Party Rock Anthem,66,66
2017.05,Counting Stars,66,66
2017.05,Rolling In The Deep,64,64
2017.05,Before He Cheats,64,64
2017.05,Demons,61,61
2017.05,Ho Hey,59,59
2017.05,All Of Me,59,59
2017.06,Radioactive,86,86
2017.06,Sail,76,76
2017.06,I'm Yours,75,75
2017.06,Party Rock Anthem,66,66
2017.06,Counting Stars,66,66
2017.06,Rolling In The Deep,64,64
2017.06,Before He Cheats,64,64
2017.06,Demons,61,61
2017.06,Ho Hey,59,59
2017.06,All Of Me,59,59
2017.07,Radioactive,86,86
2017.07,Sail,76,76
2017.07,I'm Yours,75,75
2017.07,Party Rock Anthem,66,66
2017.07,Counting Stars,66,66
2017.07,Rolling In The Deep,64,64
2017.07,Before He Cheats,64,64
2017.07,Demons,61,61
2017.07,Ho Hey,59,59
2017.07,All Of Me,59,59
2017.08,Radioactive,86,86
2017.08,Sail,76,76
2017.08,I'm Yours,75,75
2017.08,Party Rock Anthem,66,66
2017.08,Counting Stars,66,66
2017.08,Rolling In The Deep,64,64
2017.08,Before He Cheats,64,64
2017.08,Demons,61,61
2017.08,Ho Hey,59,59
2017.08,All Of Me,59,59
2017.09,Radioactive,86,86
2017.09,Sail,76,76
2017.09,I'm Yours,75,75
2017.09,Party Rock Anthem,66,66
2017.09,Counting Stars,66,66
2017.09,Rolling In The Deep,64,64
2017.09,Before He Cheats,64,64
2017.09,Demons,61,61
2017.09,Ho Hey,59,59
2017.09,All Of Me,59,59
2017.1,Radioactive,86,86
2017.1,Sail,76,76
2017.1,I'm Yours,75,75
2017.1,Party Rock Anthem,66,66
2017.1,Counting Stars,66,66
2017.1,Rolling In The Deep,64,64
2017.1,Before He Cheats,64,64
2017.1,Demons,61,61
2017.1,Ho Hey,59,59
2017.1,All Of Me,59,59
2017.11,Radioactive,86,86
2017.11,Sail,76,76
2017.11,I'm Yours,75,75
2017.11,Party Rock Anthem,66,66
2017.11,Counting Stars,66,66
2017.11,Rolling In The Deep,64,64
2017.11,Before He Cheats,64,64
2017.11,Demons,61,61
2017.11,Ho Hey,59,59
2017.11,All Of Me,59,59
2017.12,Radioactive,86,86
2017.12,Sail,76,76
2017.12,I'm Yours,75,75
2017.12,Party Rock Anthem,66,66
2017.12,Counting Stars,66,66
2017.12,Rolling In The Deep,64,64
2017.12,Before He Cheats,64,64
2017.12,Demons,61,61
2017.12,Ho Hey,59,59
2017.12,All Of Me,59,59
2018.01,Radioactive,86,86
2018.01,Sail,76,76
2018.01,I'm Yours,75,75
2018.01,Party Rock Anthem,66,66
2018.01,Counting Stars,66,66
2018.01,Rolling In The Deep,64,64
2018.01,Before He Cheats,64,64
2018.01,Demons,61,61
2018.01,Ho Hey,59,59
2018.01,All Of Me,59,59
2018.02,Radioactive,86,86
2018.02,Sail,76,76
2018.02,I'm Yours,75,75
2018.02,Party Rock Anthem,66,66
2018.02,Counting Stars,66,66
2018.02,Rolling In The Deep,64,64
2018.02,Before He Cheats,64,64
2018.02,Demons,61,61
2018.02,Ho Hey,59,59
2018.02,All Of Me,59,59
2018.03,Radioactive,86,86
2018.03,Sail,76,76
2018.03,I'm Yours,75,75
2018.03,Party Rock Anthem,66,66
2018.03,Counting Stars,66,66
2018.03,Rolling In The Deep,64,64
2018.03,Before He Cheats,64,64
2018.03,Demons,61,61
2018.03,Ho Hey,59,59
2018.03,All Of Me,59,59
2018.04,Radioactive,86,86
2018.04,Sail,76,76
2018.04,I'm Yours,75,75
2018.04,Party Rock Anthem,66,66
2018.04,Counting Stars,66,66
2018.04,Rolling In The Deep,64,64
2018.04,Before He Cheats,64,64
2018.04,Demons,61,61
2018.04,Ho Hey,59,59
2018.04,All Of Me,59,59
2018.05,Radioactive,86,86
2018.05,Sail,76,76
2018.05,I'm Yours,75,75
2018.05,Party Rock Anthem,66,66
2018.05,Counting Stars,66,66
2018.05,Rolling In The Deep,64,64
2018.05,Before He Cheats,64,64
2018.05,Demons,61,61
2018.05,Ho Hey,59,59
2018.05,All Of Me,59,59
2018.06,Radioactive,86,86
2018.06,Sail,76,76
2018.06,I'm Yours,75,75
2018.06,Party Rock Anthem,66,66
2018.06,Counting Stars,66,66
2018.06,Rolling In The Deep,64,64
2018.06,Before He Cheats,64,64
2018.06,Demons,61,61
2018.06,Ho Hey,59,59
2018.06,All Of Me,59,59
2018.07,Radioactive,86,86
2018.07,Sail,76,76
2018.07,I'm Yours,75,75
2018.07,Party Rock Anthem,66,66
2018.07,Counting Stars,66,66
2018.07,Rolling In The Deep,64,64
2018.07,Before He Cheats,64,64
2018.07,Demons,61,61
2018.07,Ho Hey,59,59
2018.07,All Of Me,59,59
2018.08,Radioactive,86,86
2018.08,Sail,76,76
2018.08,I'm Yours,75,75
2018.08,Party Rock Anthem,66,66
2018.08,Counting Stars,66,66
2018.08,Rolling In The Deep,64,64
2018.08,Before He Cheats,64,64
2018.08,Demons,61,61
2018.08,Ho Hey,59,59
2018.08,All Of Me,59,59
2018.09,Radioactive,86,86
2018.09,Sail,76,76
2018.09,I'm Yours,75,75
2018.09,Party Rock Anthem,66,66
2018.09,Counting Stars,66,66
2018.09,Rolling In The Deep,64,64
2018.09,Before He Cheats,64,64
2018.09,Demons,61,61
2018.09,Ho Hey,59,59
2018.09,All Of Me,59,59
2018.1,Radioactive,86,86
2018.1,Sail,76,76
2018.1,I'm Yours,75,75
2018.1,Party Rock Anthem,66,66
2018.1,Counting Stars,66,66
2018.1,Rolling In The Deep,64,64
2018.1,Before He Cheats,64,64
2018.1,Demons,61,61
2018.1,Ho Hey,59,59
2018.1,All Of Me,59,59
2018.11,Radioactive,86,86
2018.11,Sail,76,76
2018.11,I'm Yours,75,75
2018.11,Party Rock Anthem,66,66
2018.11,Counting Stars,66,66
2018.11,Rolling In The Deep,64,64
2018.11,Before He Cheats,64,64
2018.11,Demons,61,61
2018.11,Ho Hey,59,59
2018.11,All Of Me,59,59
2018.12,Radioactive,86,86
2018.12,Sail,76,76
2018.12,I'm Yours,75,75
2018.12,Party Rock Anthem,66,66
2018.12,Counting Stars,66,66
2018.12,Rolling In The Deep,64,64
2018.12,Before He Cheats,64,64
2018.12,Demons,61,61
2018.12,Ho Hey,59,59
2018.12,All Of Me,59,59
2019.01,Radioactive,86,86
2019.01,Sail,76,76
2019.01,I'm Yours,75,75
2019.01,Party Rock Anthem,66,66
2019.01,Counting Stars,66,66
2019.01,Rolling In The Deep,64,64
2019.01,Before He Cheats,64,64
2019.01,Demons,61,61
2019.01,Ho Hey,59,59
2019.01,All Of Me,59,59
2019.02,Radioactive,86,86
2019.02,Sail,76,76
2019.02,I'm Yours,75,75
2019.02,Party Rock Anthem,66,66
2019.02,Counting Stars,66,66
2019.02,Rolling In The Deep,64,64
2019.02,Before He Cheats,64,64
2019.02,Demons,61,61
2019.02,Ho Hey,59,59
2019.02,All Of Me,59,59
2019.03,Radioactive,86,86
2019.03,Sail,76,76
2019.03,I'm Yours,75,75
2019.03,Party Rock Anthem,66,66
2019.03,Counting Stars,66,66
2019.03,Rolling In The Deep,64,64
2019.03,Before He Cheats,64,64
2019.03,Demons,61,61
2019.03,Ho Hey,59,59
2019.03,All Of Me,59,59
2019.04,Radioactive,86,86
2019.04,Sail,76,76
2019.04,I'm Yours,75,75
2019.04,Party Rock Anthem,66,66
2019.04,Counting Stars,66,66
2019.04,Rolling In The Deep,64,64
2019.04,Before He Cheats,64,64
2019.04,Demons,61,61
2019.04,Ho Hey,59,59
2019.04,All Of Me,59,59
2019.05,Radioactive,86,86
2019.05,Sail,76,76
2019.05,I'm Yours,75,75
2019.05,Party Rock Anthem,66,66
2019.05,Counting Stars,66,66
2019.05,Rolling In The Deep,64,64
2019.05,Before He Cheats,64,64
2019.05,Demons,61,61
2019.05,Ho Hey,59,59
2019.05,All Of Me,59,59
2019.06,Radioactive,86,86
2019.06,Sail,76,76
2019.06,I'm Yours,75,75
2019.06,Party Rock Anthem,66,66
2019.06,Counting Stars,66,66
2019.06,Rolling In The Deep,64,64
2019.06,Before He Cheats,64,64
2019.06,Demons,61,61
2019.06,Ho Hey,59,59
2019.06,All Of Me,59,59
2019.07,Radioactive,86,86
2019.07,Sail,76,76
2019.07,I'm Yours,75,75
2019.07,Party Rock Anthem,66,66
2019.07,Counting Stars,66,66
2019.07,Rolling In The Deep,64,64
2019.07,Before He Cheats,64,64
2019.07,Demons,61,61
2019.07,Ho Hey,59,59
2019.07,All Of Me,59,59
2019.08,Radioactive,86,86
2019.08,Sail,76,76
2019.08,I'm Yours,75,75
2019.08,Party Rock Anthem,66,66
2019.08,Counting Stars,66,66
2019.08,Rolling In The Deep,64,64
2019.08,Before He Cheats,64,64
2019.08,Demons,61,61
2019.08,Ho Hey,59,59
2019.08,All Of Me,59,59
2019.09,Radioactive,86,86
2019.09,Sail,76,76
2019.09,I'm Yours,75,75
2019.09,Party Rock Anthem,66,66
2019.09,Counting Stars,66,66
2019.09,Rolling In The Deep,64,64
2019.09,Before He Cheats,64,64
2019.09,Demons,61,61
2019.09,Ho Hey,59,59
2019.09,All Of Me,59,59
2019.1,Radioactive,86,86
2019.1,Sail,76,76
2019.1,I'm Yours,75,75
2019.1,Party Rock Anthem,66,66
2019.1,Counting Stars,66,66
2019.1,Rolling In The Deep,64,64
2019.1,Before He Cheats,64,64
2019.1,Demons,61,61
2019.1,Ho Hey,59,59
2019.1,All Of Me,59,59
2019.11,Radioactive,86,86
2019.11,Sail,76,76
2019.11,I'm Yours,75,75
2019.11,Party Rock Anthem,66,66
2019.11,Counting Stars,66,66
2019.11,Rolling In The Deep,64,64
2019.11,Before He Cheats,64,64
2019.11,Demons,61,61
2019.11,Ho Hey,59,59
2019.11,All Of Me,59,59
2019.12,Radioactive,86,86
2019.12,Sail,76,76
2019.12,I'm Yours,75,75
2019.12,Party Rock Anthem,66,66
2019.12,Counting Stars,66,66
2019.12,Rolling In The Deep,64,64
2019.12,Before He Cheats,64,64
2019.12,Demons,61,61
2019.12,Ho Hey,59,59
2019.12,All Of Me,59,59
2020.01,Radioactive,86,86
2020.01,Sail,76,76
2020.01,I'm Yours,75,75
2020.01,Party Rock Anthem,66,66
2020.01,Counting Stars,66,66
2020.01,Rolling In The Deep,64,64
2020.01,Before He Cheats,64,64
2020.01,Demons,61,61
2020.01,Ho Hey,59,59
2020.01,All Of Me,59,59
2020.02,Radioactive,86,86
2020.02,Sail,76,76
2020.02,I'm Yours,75,75
2020.02,Party Rock Anthem,66,66
2020.02,Counting Stars,66,66
2020.02,Rolling In The Deep,64,64
2020.02,Before He Cheats,64,64
2020.02,Demons,61,61
2020.02,Ho Hey,59,59
2020.02,All Of Me,59,59
2020.03,Radioactive,86,86
2020.03,Sail,76,76
2020.03,I'm Yours,75,75
2020.03,Party Rock Anthem,66,66
2020.03,Counting Stars,66,66
2020.03,Rolling In The Deep,64,64
2020.03,Before He Cheats,64,64
2020.03,Demons,61,61
2020.03,Ho Hey,59,59
2020.03,All Of Me,59,59
2020.04,Radioactive,86,86
2020.04,Sail,76,76
2020.04,I'm Yours,75,75
2020.04,Party Rock Anthem,66,66
2020.04,Counting Stars,66,66
2020.04,Rolling In The Deep,64,64
2020.04,Before He Cheats,64,64
2020.04,Demons,61,61
2020.04,Ho Hey,59,59
2020.04,All Of Me,59,59
2020.05,Radioactive,86,86
2020.05,Sail,76,76
2020.05,I'm Yours,75,75
2020.05,Party Rock Anthem,66,66
2020.05,Counting Stars,66,66
2020.05,Rolling In The Deep,64,64
2020.05,Before He Cheats,64,64
2020.05,Ho Hey,59,59
2020.05,All Of Me,59,59
2020.05,Someone You Loved,50,50
2020.06,Radioactive,86,86
2020.06,Sail,76,76
2020.06,I'm Yours,75,75
2020.06,Party Rock Anthem,66,66
2020.06,Counting Stars,66,66
2020.06,Rolling In The Deep,64,64
2020.06,Before He Cheats,64,64
2020.06,Ho Hey,59,59
2020.06,All Of Me,59,59
2020.06,Someone You Loved,50,50
2020.07,Radioactive,86,86
2020.07,Sail,76,76
2020.07,I'm Yours,75,75
2020.07,Party Rock Anthem,66,66
2020.07,Counting Stars,66,66
2020.07,Rolling In The Deep,64,64
2020.07,Before He Cheats,64,64
2020.07,Ho Hey,59,59
2020.07,All Of Me,59,59
2020.07,Someone You Loved,50,50
2020.08,Radioactive,86,86
2020.08,Sail,76,76
2020.08,I'm Yours,75,75
2020.08,Party Rock Anthem,66,66
2020.08,Counting Stars,66,66
2020.08,Rolling In The Deep,64,64
2020.08,Before He Cheats,64,64
2020.08,Ho Hey,59,59
2020.08,All Of Me,59,59
2020.08,Circles,47,47
2020.09,Radioactive,86,86
2020.09,Sail,76,76
2020.09,I'm Yours,75,75
2020.09,Party Rock Anthem,66,66
2020.09,Counting Stars,66,66
2020.09,Rolling In The Deep,64,64
2020.09,Before He Cheats,64,64
2020.09,Ho Hey,59,59
2020.09,All Of Me,59,59
2020.09,Circles,52,52
2020.1,Radioactive,86,86
2020.1,Sail,76,76
2020.1,I'm Yours,75,75
2020.1,Party Rock Anthem,66,66
2020.1,Counting Stars,66,66
2020.1,Rolling In The Deep,64,64
2020.1,Before He Cheats,64,64
2020.1,Ho Hey,59,59
2020.1,All Of Me,59,59
2020.1,Circles,56,56
2020.11,Radioactive,86,86
2020.11,Sail,76,76
2020.11,I'm Yours,75,75
2020.11,Party Rock Anthem,66,66
2020.11,Counting Stars,66,66
2020.11,Rolling In The Deep,64,64
2020.11,Before He Cheats,64,64
2020.11,Circles,61,61
2020.11,Ho Hey,59,59
2020.11,All Of Me,59,59
2020.12,Radioactive,86,86
2020.12,Sail,76,76
2020.12,I'm Yours,75,75
2020.12,Party Rock Anthem,66,66
2020.12,Counting Stars,66,66
2020.12,Rolling In The Deep,64,64
2020.12,Before He Cheats,64,64
2020.12,Ho Hey,59,59
2020.12,All Of Me,59,59
2020.12,Popstar,19,19
2021.01,Radioactive,86,86
2021.01,Sail,76,76
2021.01,I'm Yours,75,75
2021.01,Party Rock Anthem,66,66
2021.01,Counting Stars,66,66
2021.01,Rolling In The Deep,64,64
2021.01,Before He Cheats,64,64
2021.01,Ho Hey,59,59
2021.01,All Of Me,59,59
2021.01,Blinding Lights,56,56
2021.02,Radioactive,86,86
2021.02,Sail,76,76
2021.02,I'm Yours,75,75
2021.02,Party Rock Anthem,66,66
2021.02,Counting Stars,66,66
2021.02,Rolling In The Deep,64,64
2021.02,Before He Cheats,64,64
2021.02,Blinding Lights,60,60
2021.02,Ho Hey,59,59
2021.02,I Hope,57,57
2021.03,Radioactive,86,86
2021.03,Sail,76,76
2021.03,I'm Yours,75,75
2021.03,Party Rock Anthem,66,66
2021.03,Counting Stars,66,66
2021.03,Rolling In The Deep,64,64
2021.03,Blinding Lights,64,64
2021.03,Before He Cheats,64,64
2021.03,I Hope,61,61
2021.03,Ho Hey,59,59
2021.04,Radioactive,86,86
2021.04,Sail,76,76
2021.04,I'm Yours,75,75
2021.04,Blinding Lights,68,68
2021.04,Party Rock Anthem,66,66
2021.04,Counting Stars,66,66
2021.04,Rolling In The Deep,64,64
2021.04,Before He Cheats,64,64
2021.04,I Hope,61,61
2021.04,Ho Hey,59,59
2021.05,Radioactive,86,86
2021.05,Sail,76,76
2021.05,I'm Yours,75,75
2021.05,Blinding Lights,72,72
2021.05,Party Rock Anthem,66,66
2021.05,Counting Stars,66,66
2021.05,Rolling In The Deep,64,64
2021.05,Before He Cheats,64,64
2021.05,I Hope,61,61
2021.05,Ho Hey,59,59
2021.06,Radioactive,86,86
2021.06,Blinding Lights,77,77
2021.06,Sail,76,76
2021.06,I'm Yours,75,75
2021.06,Party Rock Anthem,66,66
2021.06,Counting Stars,66,66
2021.06,Rolling In The Deep,64,64
2021.06,Before He Cheats,64,64
2021.06,I Hope,61,61
2021.06,Ho Hey,59,59
2021.07,Radioactive,86,86
2021.07,Blinding Lights,81,81
2021.07,Sail,76,76
2021.07,I'm Yours,75,75
2021.07,Party Rock Anthem,66,66
2021.07,Counting Stars,66,66
2021.07,Rolling In The Deep,64,64
2021.07,Before He Cheats,64,64
2021.07,I Hope,61,61
2021.07,Ho Hey,59,59
2021.08,Radioactive,86,86
2021.08,Blinding Lights,86,86
2021.08,Sail,76,76
2021.08,I'm Yours,75,75
2021.08,Party Rock Anthem,66,66
2021.08,Counting Stars,66,66
2021.08,Rolling In The Deep,64,64
2021.08,Before He Cheats,64,64
2021.08,I Hope,61,61
2021.08,Ho Hey,59,59
2021.09,Blinding Lights,90,90
2021.09,Radioactive,86,86
2021.09,Sail,76,76
2021.09,I'm Yours,75,75
2021.09,Party Rock Anthem,66,66
2021.09,Counting Stars,66,66
2021.09,Rolling In The Deep,64,64
2021.09,Before He Cheats,64,64
2021.09,I Hope,61,61
2021.09,Ho Hey,59,59
2021.1,Blinding Lights,90,90
2021.1,Radioactive,86,86
2021.1,Sail,76,76
2021.1,I'm Yours,75,75
2021.1,Party Rock Anthem,66,66
2021.1,Counting Stars,66,66
2021.1,Rolling In The Deep,64,64
2021.1,Before He Cheats,64,64
2021.1,I Hope,61,61
2021.1,Ho Hey,59,59
2021.11,Blinding Lights,90,90
2021.11,Radioactive,86,86
2021.11,Sail,76,76
2021.11,I'm Yours,75,75
2021.11,Party Rock Anthem,66,66
2021.11,Counting Stars,66,66
2021.11,Rolling In The Deep,64,64
2021.11,Before He Cheats,64,64
2021.11,I Hope,61,61
2021.11,Ho Hey,59,59
2021.12,Blinding Lights,90,90
2021.12,Radioactive,86,86
2021.12,Sail,76,76
2021.12,I'm Yours,75,75
2021.12,Party Rock Anthem,66,66
2021.12,Counting Stars,66,66
2021.12,Rolling In The Deep,64,64
2021.12,Before He Cheats,64,64
2021.12,I Hope,61,61
2021.12,Levitating,60,60
