date,song,artist,peak-rank,weeks-on-board,genres,track,uri,danceability,energy,key,loudness,mode,speechiness,acousticness,instrumentalness,liveness,valence,tempo,duration_ms,time_signature,chorus_hit,sections,target,year,id
2012-05-05,Sweet Love,Chris Brown,89,1,"['_blacklist', 'abuser', 'american', 'anti vax', 'contemporary r&b', 'dance', 'dance-pop', 'electro house', 'electropop', 'hip hop', 'hip hop rnb and dance hall', 'hip-hop', 'misogynist', 'pop', 'pop rap', 'r&b', 'relic inn', 'rnb', 'wifebeater', ""ya man ain't me (produced by the.mp3""]",Unknown,Unknown,Unknown,Unknown,Unknown,Unknown,Unknown,Unknown,Unknown,Unknown,Unknown,Unknown,Unknown,Unknown,Unknown,Unknown,Unknown,Unknown,2012,Sweet_Love_by_Chris_Brown
2019-06-15,The Search,NF,70,2,"['hip hop', 'pop rap', 'rap', 'rapper']",Unknown,Unknown,Unknown,Unknown,Unknown,Unknown,Unknown,Unknown,Unknown,Unknown,Unknown,Unknown,Unknown,Unknown,Unknown,Unknown,Unknown,Unknown,2019,The_Search_by_NF
2005-09-03,Best I Ever Had,Gary Allan,51,18,"['2008 universal fire victim', 'contemporary country', 'country', 'country rock']",Best I Ever Had,spotify:track:120w1eBYfiYrSXtegu6uEb,0.273,0.59,6.0,-4.997,1.0,0.0295,0.00254,1.07e-06,0.108,0.214,174.863,251480.0,4.0,41.32197,13.0,1.0,2005,Best_I_Ever_Had_by_Gary_Allan
2009-01-31,Day 'N' Nite,Kid Cudi,3,27,"['alternative hip hop', 'hip hop', 'hiphop', 'pop rap', 'rap', 'trap', 'us']",Day 'N' Nite,spotify:track:5FEXPoPnzueFJQCPRIrC3c,0.871,0.44,11.0,-6.25,0.0,0.0761,0.499,4.15e-06,0.114,0.799,137.996,221267.0,4.0,112.49452,9.0,1.0,2009,Day_'N'_Nite_by_Kid_Cudi
2006-07-01,Deja Vu,Beyonce Featuring Jay Z,4,17,"['alternative r&b', 'art pop', 'contemporary pop', 'contemporary r&b', 'country', 'dance-pop', 'electropop', 'funk', 'grammy winner', 'hard rock', 'hip hop rnb and dance hall', 'mbs-333', 'moombahton', 'pop', 'pop rap', 'r&b', 'rnb', 'soul']",Unknown,Unknown,Unknown,Unknown,Unknown,Unknown,Unknown,Unknown,Unknown,Unknown,Unknown,Unknown,Unknown,Unknown,Unknown,Unknown,Unknown,Unknown,2006,Deja_Vu_by_Beyonce_Featuring_Jay_Z
2007-06-09,4 In The Morning,Gwen Stefani,54,16,"['2008 universal fire victim', 'american', 'contemporary r&b', 'dance-pop', 'electropop', 'new wave', 'no doubt', 'pop', 'pop and chart', 'pop rap', 'pop rock', 'rnb', 'rock', 'ska punk', 'united states']",4 In The Morning,spotify:track:64fSdRkaB7ksxI9suUGYmi,0.698,0.826,10.0,-6.261,1.0,0.031,0.2,0.00013,0.114,0.502,92.409,291107.0,4.0,22.50232,13.0,1.0,2007,4_In_The_Morning_by_Gwen_Stefani
2011-06-04,I'm On One,"DJ Khaled Featuring Drake, Rick Ross & Lil Wayne",10,23,"['conscious hip hop', 'contemporary r&b', 'english', 'gangsta rap', 'hip hop', 'hip hop rnb and dance hall', 'pop rap', 'southern hip hop', 'trap rap']",I'm On One,spotify:track:608a1wIsSd5KzMEqm1O7w3,0.413,0.807,11.0,-3.499,0.0,0.318,0.0536,0.0,0.631,0.438,149.33,296147.0,4.0,38.99664,12.0,1.0,2011,"I'm_On_One_by_DJ_Khaled_Featuring_Drake,_Rick_Ross_&_Lil_Wayne"
2017-03-11,Rent Money,Future,54,1,"['contemporary r&b', 'englisch', 'english', 'hip hop', 'rap', 'relic inn', 'trap', 'trap rap', 'usa']",Unknown,Unknown,Unknown,Unknown,Unknown,Unknown,Unknown,Unknown,Unknown,Unknown,Unknown,Unknown,Unknown,Unknown,Unknown,Unknown,Unknown,Unknown,2017,Rent_Money_by_Future
2020-04-18,Ribbon In The Sky,Rod Wave,84,1,Unknown,Unknown,Unknown,Unknown,Unknown,Unknown,Unknown,Unknown,Unknown,Unknown,Unknown,Unknown,Unknown,Unknown,Unknown,Unknown,Unknown,Unknown,Unknown,2020,Ribbon_In_The_Sky_by_Rod_Wave
2019-11-09,Everything We Need,Kanye West Featuring Ty Dolla $ign & Ant Clemons,33,1,"['english', 'hip hop', 'r&b', 'rap']",Unknown,Unknown,Unknown,Unknown,Unknown,Unknown,Unknown,Unknown,Unknown,Unknown,Unknown,Unknown,Unknown,Unknown,Unknown,Unknown,Unknown,Unknown,2019,Everything_We_Need_by_Kanye_West_Featuring_Ty_Dolla_$ign_&_Ant_Clemons
2012-04-21,Beez In The Trap,Nicki Minaj Featuring 2 Chainz,48,20,"['a filk artist', 'cousin in trinidad wont get the vaccine', 'electronic', 'hip hop', 'hip-hop', 'pop', 'pop rap', 'queen of rap', 'r&b', 'rap', 'relic inn']",Beez In The Trap,spotify:track:4It00tEYLwpjQtAhqnjCPC,0.814,0.782,9.0,-6.005,1.0,0.218,0.0227,0.00167,0.0956,0.683,150.011,268493.0,4.0,51.62654,11.0,1.0,2012,Beez_In_The_Trap_by_Nicki_Minaj_Featuring_2_Chainz
2019-06-01,You Stay,"DJ Khaled Featuring Meek Mill, J Balvin, Lil Baby & Jeremih",44,4,"['east coast hip hop', 'gangsta rap', 'hip hop', 'meek mill', 'trap']",You Stay,spotify:track:4U6ubKsTd8RBDP5tPPhh7I,0.479,0.63,7.0,-5.628,0.0,0.133,0.0314,0.0,0.073,0.227,117.988,275276.0,5.0,66.79038,11.0,1.0,2019,"You_Stay_by_DJ_Khaled_Featuring_Meek_Mill,_J_Balvin,_Lil_Baby_&_Jeremih"
2014-10-18,Steal My Girl,One Direction,13,18,"['boy band', 'dance-pop', 'folk pop', 'pop', 'pop rock', 'power pop']",Steal My Girl,spotify:track:2Bs4jQEGMycglOfWPBqrVG,0.536,0.768,10.0,-5.948,0.0,0.0347,0.00433,0.0,0.114,0.545,77.217,228133.0,4.0,26.34201,11.0,1.0,2014,Steal_My_Girl_by_One_Direction
2013-11-02,Rap God,Eminem,7,20,"['2008 universal fire victim', '8 mile', 'american', 'boom bap', 'comedy rap', 'detroit', 'detroit hip hop', 'detroit hip-hop', 'eminem', 'english', 'gangsta rap', 'hardcore hip hop', 'hip hop', 'hip-hop', 'hiphop', 'horrorcore', 'kun', 'midwest hip hop', 'midwest hip-hop', 'pop and chart', 'pop rap', 'rap', 'rapper', 'relic inn', 'turkish', 'us', 'v']",Rap God,spotify:track:6or1bKJiZ06IlK0vFvY75k,0.708,0.843,7.0,-2.66,1.0,0.314,0.397,0.0,0.799,0.625,148.14,363521.0,4.0,53.18291,17.0,1.0,2013,Rap_God_by_Eminem
2021-08-21,Buy Dirt,Jordan Davis Featuring Luke Bryan,30,20,['country'],Unknown,Unknown,Unknown,Unknown,Unknown,Unknown,Unknown,Unknown,Unknown,Unknown,Unknown,Unknown,Unknown,Unknown,Unknown,Unknown,Unknown,Unknown,2021,Buy_Dirt_by_Jordan_Davis_Featuring_Luke_Bryan
2015-08-22,Hotline Bling,Drake,2,36,"['alternative r&b', 'contemporary r&b', 'cotm candidate', 'hardcore hip', 'hip hop', 'lesbian', 'luxury rap', 'pop rap', 'r&b', 'rap', 'rap us', 'rapper', 'relic inn', 'trap', 'trap rap']",Hotline Bling,spotify:track:0wwPcA6wtMf6HUMpIRdeP7,0.891,0.625,2.0,-7.861,1.0,0.0558,0.00261,0.000176,0.0504,0.548,134.967,267067.0,4.0,69.38968,8.0,1.0,2015,Hotline_Bling_by_Drake
2009-04-18,Come Back To Me,David Cook,63,19,"['american idol', 'rock', ""rock'""]",Come Back To Me,spotify:track:55r33uTqnLglVMHb1qeWOd,0.476,0.895,4.0,-4.857,1.0,0.0299,0.0101,1.02e-06,0.127,0.632,108.087,248000.0,4.0,23.60003,10.0,1.0,2009,Come_Back_To_Me_by_David_Cook
2009-08-22,Digital Girl,"Jamie Foxx Featuring Drake, Kanye West + The-Dream",92,1,"['american', 'electropop', 'english', 'experimental hip hop', 'grammy winner', 'hardcore hip hop', 'hip hop', 'hip hop rnb and dance hall', 'hip-hop', 'luxury rap', 'pop', 'pop rap', 'producer', 'rap', 'rapper', 'relic inn', 'synthpop', 'us']",Unknown,Unknown,Unknown,Unknown,Unknown,Unknown,Unknown,Unknown,Unknown,Unknown,Unknown,Unknown,Unknown,Unknown,Unknown,Unknown,Unknown,Unknown,2009,"Digital_Girl_by_Jamie_Foxx_Featuring_Drake,_Kanye_West_+_The-Dream"
2001-07-21,Can't Deny It,Fabolous Featuring Nate Dogg,25,20,"['death by stroke', 'g-funk', 'hip hop', 'rap', 'snoop dogg', 'soul', 'west coast hip hop']",Can't Deny It,spotify:track:7K4Aq4awgYvDKEJdEvvl4j,0.916,0.821,4.0,-4.118,0.0,0.15,0.0528,0.0,0.0635,0.592,90.04,306440.0,4.0,50.20525,11.0,1.0,2001,Can't_Deny_It_by_Fabolous_Featuring_Nate_Dogg
2003-08-09,Na Na Na,112 Featuring Super Cat,75,6,"['contemporary r&b', 'east coast hip hop', 'hip hop', 'hip hop rnb and dance hall', 'pop', 'pop rap', 'r&b', 'rhythm and blues']",Unknown,Unknown,Unknown,Unknown,Unknown,Unknown,Unknown,Unknown,Unknown,Unknown,Unknown,Unknown,Unknown,Unknown,Unknown,Unknown,Unknown,Unknown,2003,Na_Na_Na_by_112_Featuring_Super_Cat
2014-10-11,Feelin' It,Scotty McCreery,84,11,['american idol'],Feelin' It,spotify:track:0ABHhxQTaluB94ohp2RLSr,0.586,0.759,7.0,-5.338,1.0,0.0457,0.1,0.0,0.084,0.687,184.031,198227.0,4.0,26.00223,12.0,1.0,2014,Feelin'_It_by_Scotty_McCreery
2015-01-03,Feeling Myself,Nicki Minaj Featuring Beyonce,39,20,"['a filk artist', 'cousin in trinidad wont get the vaccine', 'electronic', 'hip hop', 'hip-hop', 'pop', 'pop rap', 'queen of rap', 'r&b', 'rap', 'relic inn']",Feeling Myself,spotify:track:5fyIGoaaKelzdyW8ELhYJZ,0.564,0.703,2.0,-5.459,1.0,0.269,0.437,0.00927,0.358,0.477,139.045,237840.0,4.0,20.96189,11.0,1.0,2015,Feeling_Myself_by_Nicki_Minaj_Featuring_Beyonce
2003-06-28,This Is The Night,Clay Aiken,1,16,"['american idol', 'rock']",This Is The Night,spotify:track:2xnVdRMaQBkRfZyefKC2ec,0.528,0.56,11.0,-8.296,1.0,0.0268,0.151,1.28e-06,0.3,0.372,99.037,212200.0,4.0,61.67694,8.0,1.0,2003,This_Is_The_Night_by_Clay_Aiken
2001-02-10,Hanging By A Moment,Lifehouse,2,54,"['2008 universal fire victim', 'alternative rock', 'pop rock', 'post-grunge', 'power pop', 'rock', 'soft rock']",Hanging By A Moment,spotify:track:0wqOReZDnrefefEsrIGeR4,0.541,0.864,1.0,-4.915,1.0,0.0357,0.00118,0.0,0.0896,0.435,124.557,216067.0,4.0,23.7793,9.0,1.0,2001,Hanging_By_A_Moment_by_Lifehouse
2005-06-11,Mississippi Girl,Faith Hill,29,20,"['adult contemporary', 'christmas music', 'contemporary country', 'country', 'country pop', 'pop']",Mississippi Girl,spotify:track:79YeQbd1p7MsuT7wHQLRYY,0.499,0.765,9.0,-4.148,1.0,0.0521,0.113,0.0,0.0509,0.665,83.916,232707.0,4.0,27.97209,11.0,1.0,2005,Mississippi_Girl_by_Faith_Hill
2000-02-19,I Need A Hot Girl,Hot Boys,65,13,"['hip hop', 'rap', 'southern rap']",I Need A Hot Girl,spotify:track:25CnqAR7fzAQbb2SVoSa0b,0.815,0.797,2.0,-6.304,1.0,0.186,0.0557,0.0,0.641,0.65,96.006,292840.0,4.0,65.70652,10.0,1.0,2000,I_Need_A_Hot_Girl_by_Hot_Boys
2012-10-20,Skyfall,Adele,8,20,"['adele', 'adult alternative pop/rock', 'adult contemporary', 'alternative/indie rock', 'blue eyed soul', 'blue-eyed soul', 'english singer', 'jazz', 'music for soccer moms', 'neo soul', 'pop', 'pop and chart', 'pop soul', 'singer', 'soul']",Skyfall,spotify:track:6VObnIkLVruX4UVyxWhlqm,0.346,0.552,0.0,-6.864,0.0,0.0282,0.417,0.0,0.114,0.0789,75.881,286480.0,4.0,26.97353,10.0,1.0,2012,Skyfall_by_Adele
2007-03-17,Because Of You,Ne-Yo,2,20,"['contemporary r&b', 'dance', 'dance-pop', 'electro house', 'electropop', 'hip hop', 'hip hop rnb and dance hall', 'hip house', 'pop rap']",Because Of You,spotify:track:6CFPFnS9EcLs2I0nWqtWci,0.81,0.538,0.0,-5.784,0.0,0.0356,0.528,0.0,0.0951,0.828,109.97,266840.0,4.0,24.35569,9.0,1.0,2007,Because_Of_You_by_Ne-Yo
2021-12-25,You Wouldn't Understand,Juice WRLD,64,1,"['death by murder', 'english', 'hip hop', 'rap', 'usa']",Unknown,Unknown,Unknown,Unknown,Unknown,Unknown,Unknown,Unknown,Unknown,Unknown,Unknown,Unknown,Unknown,Unknown,Unknown,Unknown,Unknown,Unknown,2021,You_Wouldn't_Understand_by_Juice_WRLD
2020-10-10,Drunk Face,Machine Gun Kelly,91,1,"['4d49e67b-1746-48ac-9eac-9ebabc595486', 'english', 'hip hop', 'rap rock']",Unknown,Unknown,Unknown,Unknown,Unknown,Unknown,Unknown,Unknown,Unknown,Unknown,Unknown,Unknown,Unknown,Unknown,Unknown,Unknown,Unknown,Unknown,2020,Drunk_Face_by_Machine_Gun_Kelly
2005-09-17,Doesn't Remind Me,Audioslave,68,11,"['2008 universal fire victim', 'alternative metal', 'alternative rock', 'american', 'fixme label mess', 'hard rock', 'post-grunge', 'rock', 'rock and indie', 'supergroup']",Doesn't Remind Me,spotify:track:0o995gJCGebaza0LWybToU,0.457,0.768,9.0,-3.592,1.0,0.0378,0.169,0.0,0.103,0.232,99.739,255000.0,4.0,48.60184,9.0,1.0,2005,Doesn't_Remind_Me_by_Audioslave
2001-06-09,When I Think About Angels,Jamie O'Neal,35,20,['folk'],When I Think About Angels,spotify:track:6X1MOfJSjBT54VcbD1o7vR,0.507,0.843,11.0,-3.421,1.0,0.108,0.274,0.0,0.295,0.504,193.708,182613.0,4.0,37.98745,8.0,1.0,2001,When_I_Think_About_Angels_by_Jamie_O'Neal
2007-11-17,Girlfriend,Bow Wow & Omarion,33,15,"['classic pop and rock', 'new wave', 'punk']",Girlfriend,spotify:track:4yDKPeWA3rJiCNbPALWJjN,0.725,0.795,7.0,-5.291,1.0,0.214,0.114,0.0,0.258,0.85,75.03,284827.0,4.0,77.76711,10.0,1.0,2007,Girlfriend_by_Bow_Wow_&_Omarion
2008-11-08,Sex On Fire,Kings Of Leon,56,20,"['alternative', 'alternative rock', 'american', 'américain', 'garage rock', 'garage rock revival', 'indie', 'indie rock', 'pop rock', 'rock', 'rock and indie', 'southern rock', 'united states', 'usa']",Sex On Fire,spotify:track:0ntQJM78wzOLVeCUAW7Y45,0.542,0.905,9.0,-5.653,1.0,0.054,0.00172,0.0104,0.136,0.374,153.398,203347.0,4.0,25.43298,11.0,1.0,2008,Sex_On_Fire_by_Kings_Of_Leon
2020-03-14,Forever,Lil Baby Featuring Lil Wayne,64,1,"['as jailed', 'chopped and screwed', 'contemporary r&b', 'criminal', 'gangsta rap', 'hip hop', 'hip hop rnb and dance hall', 'lil wayne', 'pop rap', 'r&b', 'rap', 'rap rock', 'relic inn', 'southern hip hop', 'trap']",Unknown,Unknown,Unknown,Unknown,Unknown,Unknown,Unknown,Unknown,Unknown,Unknown,Unknown,Unknown,Unknown,Unknown,Unknown,Unknown,Unknown,Unknown,2020,Forever_by_Lil_Baby_Featuring_Lil_Wayne
2009-01-31,More Like Her,Miranda Lambert,90,8,"['american', 'contemporary country', 'country', 'country pop', 'rockabilly']",More Like Her,spotify:track:6vMiU1tMnWXkWlmMWjX6ZN,0.556,0.393,11.0,-6.589,1.0,0.025,0.238,0.0,0.0979,0.213,132.746,208867.0,4.0,54.07484,10.0,1.0,2009,More_Like_Her_by_Miranda_Lambert
2014-04-12,Whiskey In My Water,Tyler Farr,52,18,['country'],Whiskey In My Water,spotify:track:5E4CJfa6yZNGSKVFSUgaBt,0.526,0.872,7.0,-5.079,1.0,0.0428,0.245,0.0,0.243,0.583,153.929,188147.0,4.0,17.64029,9.0,1.0,2014,Whiskey_In_My_Water_by_Tyler_Farr
2013-09-21,Versace,Migos,99,1,['hip hop'],Unknown,Unknown,Unknown,Unknown,Unknown,Unknown,Unknown,Unknown,Unknown,Unknown,Unknown,Unknown,Unknown,Unknown,Unknown,Unknown,Unknown,Unknown,2013,Versace_by_Migos
2019-01-05,All My Friends,21 Savage,67,2,"['hip hop', 'relic inn']",Unknown,Unknown,Unknown,Unknown,Unknown,Unknown,Unknown,Unknown,Unknown,Unknown,Unknown,Unknown,Unknown,Unknown,Unknown,Unknown,Unknown,Unknown,2019,All_My_Friends_by_21_Savage
2004-06-26,Accidentally In Love,Counting Crows,39,20,"['2008 universal fire victim', 'alternative rock', 'american', 'americana', 'américain', 'folk rock', 'pop rock', 'rock', 'rock and indie', 'usa']",Accidentally In Love,spotify:track:4ccM2xBxicGigjLqt6A0YY,0.554,0.927,7.0,-3.641,1.0,0.0378,0.044,3.32e-06,0.0876,0.81,138.0,188613.0,4.0,27.5788,9.0,1.0,2004,Accidentally_In_Love_by_Counting_Crows
2000-04-15,Wobble Wobble,504 Boyz,17,18,['hip hop'],Wobble Wobble,spotify:track:2cuVgSUgnRcgXNx909F3TV,0.853,0.709,7.0,-5.607,1.0,0.283,0.00276,0.0,0.353,0.315,170.044,215507.0,4.0,23.98712,12.0,1.0,2000,Wobble_Wobble_by_504_Boyz
2009-03-28,Already Gone,Kelly Clarkson,13,31,"['a filk artist', 'american idol', 'dance-pop', 'electropop', 'fixme label mess', 'music for soccer moms', 'pop', 'pop and chart', 'pop rock', 'rock', 'teen pop']",Already Gone,spotify:track:7ceIquYtiTYlgSSm7PqUf9,0.209,0.872,9.0,-2.996,1.0,0.0757,0.217,0.0,0.0768,0.294,78.139,281560.0,4.0,53.00219,13.0,1.0,2009,Already_Gone_by_Kelly_Clarkson
2007-07-21,Before It's Too Late (Sam And Mikaela's Theme),Goo Goo Dolls,86,3,"[""'"", 'alternative rock', 'classic pop and rock', 'rock']",Unknown,Unknown,Unknown,Unknown,Unknown,Unknown,Unknown,Unknown,Unknown,Unknown,Unknown,Unknown,Unknown,Unknown,Unknown,Unknown,Unknown,Unknown,2007,Before_It's_Too_Late_(Sam_And_Mikaela's_Theme)_by_Goo_Goo_Dolls
2018-12-15,24/7,Meek Mill Featuring Ella Mai,54,19,"['east coast hip hop', 'gangsta rap', 'hip hop', 'meek mill', 'trap']",24/7,spotify:track:6irE4Fbjbry3czv7mTxVSB,0.657,0.711,0.0,-5.355,1.0,0.374,0.0135,0.0,0.221,0.368,86.957,221522.0,4.0,49.26789,9.0,1.0,2018,24_7_by_Meek_Mill_Featuring_Ella_Mai
2004-06-12,I Go Back,Kenny Chesney,32,20,"['contemporary country', 'country', 'country pop', 'singer/songwriter']",I Go Back,spotify:track:57I7CUbXo4XlWuTVB8pXW6,0.532,0.842,5.0,-5.754,1.0,0.0503,0.0409,0.0,0.217,0.67,90.187,243667.0,4.0,21.37562,11.0,1.0,2004,I_Go_Back_by_Kenny_Chesney
2017-02-25,No Favors,Big Sean Featuring Eminem,22,3,"['2008 universal fire victim', '8 mile', 'american', 'boom bap', 'comedy rap', 'detroit', 'detroit hip hop', 'detroit hip-hop', 'eminem', 'english', 'gangsta rap', 'hardcore hip hop', 'hip hop', 'hip-hop', 'hiphop', 'horrorcore', 'kun', 'midwest hip hop', 'midwest hip-hop', 'pop and chart', 'pop rap', 'rap', 'rapper', 'relic inn', 'turkish', 'us', 'v']",Unknown,Unknown,Unknown,Unknown,Unknown,Unknown,Unknown,Unknown,Unknown,Unknown,Unknown,Unknown,Unknown,Unknown,Unknown,Unknown,Unknown,Unknown,2017,No_Favors_by_Big_Sean_Featuring_Eminem
2005-02-12,Little Sister,Queens Of The Stone Age,88,9,"['alternative rock', 'alternative/stoner-rock', 'american', 'desert rock', 'hard rock', 'rock', 'rock and indie', 'stoner metal', 'stoner rock']",Little Sister,spotify:track:0BqQWfhMrkpRAUCbdfdHUC,0.364,0.959,1.0,-2.956,1.0,0.0627,0.0113,0.000953,0.411,0.927,161.798,174027.0,4.0,74.39997,7.0,1.0,2005,Little_Sister_by_Queens_Of_The_Stone_Age
2000-08-05,Don't Think I'm Not,Kandi,24,24,"['dance and electronica', 'r&b']",Don't Think I'm Not,spotify:track:487Dyzs7Xbbk4hIWYyYT80,0.859,0.622,11.0,-8.196,1.0,0.0445,0.0661,0.0,0.0394,0.433,134.007,243533.0,4.0,44.01383,10.0,1.0,2000,Don't_Think_I'm_Not_by_Kandi
2013-04-06,Hey Pretty Girl,Kip Moore,41,20,['country'],Hey Pretty Girl,spotify:track:75p6fgACKYIyIhsoG411SZ,0.345,0.375,2.0,-10.762,1.0,0.0292,0.158,1.22e-05,0.26,0.0898,83.214,215920.0,1.0,52.95019,11.0,1.0,2013,Hey_Pretty_Girl_by_Kip_Moore
2005-02-12,Home,Three Days Grace,90,4,"['alternative metal', 'alternative rock']",Home,spotify:track:6GVryHJpjnrnrsTggoNTpe,0.366,0.847,8.0,-5.216,1.0,0.035,2.64e-05,0.0,0.228,0.606,166.17,260680.0,4.0,38.13823,7.0,1.0,2005,Home_by_Three_Days_Grace
2021-10-30,Peepin Out The Window,Young Thug With Future & BSlime,95,1,"['english', 'hip hop', 'rap', 'relic inn', 'trap']",Unknown,Unknown,Unknown,Unknown,Unknown,Unknown,Unknown,Unknown,Unknown,Unknown,Unknown,Unknown,Unknown,Unknown,Unknown,Unknown,Unknown,Unknown,2021,Peepin_Out_The_Window_by_Young_Thug_With_Future_&_BSlime
2006-05-27,"Steady, As She Goes",The Raconteurs,54,20,"['alternative rock', 'american', 'blues rock', 'hard rock', 'indie rock', 'rock', 'rock and indie']","Steady, As She Goes",spotify:track:19iqWNzp5LwEdvntpEK8MP,0.524,0.578,9.0,-4.563,1.0,0.12,0.0132,0.00921,0.108,0.537,123.669,215267.0,4.0,52.70709,8.0,1.0,2006,"Steady,_As_She_Goes_by_The_Raconteurs"
2021-11-20,Throw It Away,Summer Walker,41,1,"['anti vax', 'r&b', 'soul']",Unknown,Unknown,Unknown,Unknown,Unknown,Unknown,Unknown,Unknown,Unknown,Unknown,Unknown,Unknown,Unknown,Unknown,Unknown,Unknown,Unknown,Unknown,2021,Throw_It_Away_by_Summer_Walker
2018-07-14,Summer Games,Drake,28,2,"['alternative r&b', 'contemporary r&b', 'cotm candidate', 'hardcore hip', 'hip hop', 'lesbian', 'luxury rap', 'pop rap', 'r&b', 'rap', 'rap us', 'rapper', 'relic inn', 'trap', 'trap rap']",Unknown,Unknown,Unknown,Unknown,Unknown,Unknown,Unknown,Unknown,Unknown,Unknown,Unknown,Unknown,Unknown,Unknown,Unknown,Unknown,Unknown,Unknown,2018,Summer_Games_by_Drake
2004-03-27,Desperately,George Strait,44,14,"['2008 universal fire victim', 'country', 'neo-traditionalist country']",Desperately,spotify:track:1hQhVRvc0E4ip1tall6Ey7,0.665,0.386,4.0,-9.301,1.0,0.025,0.369,2.59e-06,0.164,0.534,93.173,247533.0,4.0,33.93913,11.0,1.0,2004,Desperately_by_George_Strait
2020-05-16,Humble,Lil Baby,86,1,"['english', 'hip hop', 'lil baby', 'rap']",Unknown,Unknown,Unknown,Unknown,Unknown,Unknown,Unknown,Unknown,Unknown,Unknown,Unknown,Unknown,Unknown,Unknown,Unknown,Unknown,Unknown,Unknown,2020,Humble_by_Lil_Baby
2001-10-06,Do U Wanna Roll (Dolittle Theme),"R.L., Snoop Dogg & Lil' Kim",84,16,"['2008 universal fire victim', 'american', 'criminal', 'g-funk', 'gangsta rap', 'hip hop', 'hip hop rnb and dance hall', 'hip-hop', 'reggae', 'relic inn', 'west coast hip hop', 'west coast hip-hop']",Unknown,Unknown,Unknown,Unknown,Unknown,Unknown,Unknown,Unknown,Unknown,Unknown,Unknown,Unknown,Unknown,Unknown,Unknown,Unknown,Unknown,Unknown,2001,"Do_U_Wanna_Roll_(Dolittle_Theme)_by_R.L.,_Snoop_Dogg_&_Lil'_Kim"
2007-03-10,"Pop, Lock & Drop It",Huey,6,23,Unknown,"Pop, Lock & Drop It",spotify:track:6DbqCKweKwVkHgRv1CI53D,0.723,0.644,11.0,-6.863,0.0,0.222,0.00308,0.0,0.352,0.645,144.09,261027.0,4.0,48.67136,11.0,1.0,2007,"Pop,_Lock_&_Drop_It_by_Huey"
2018-12-15,Time,Lil Baby Featuring Meek Mill,62,1,"['east coast hip hop', 'gangsta rap', 'hip hop', 'meek mill', 'trap']",Unknown,Unknown,Unknown,Unknown,Unknown,Unknown,Unknown,Unknown,Unknown,Unknown,Unknown,Unknown,Unknown,Unknown,Unknown,Unknown,Unknown,Unknown,2018,Time_by_Lil_Baby_Featuring_Meek_Mill
2011-06-11,You And I,Lady Gaga,6,20,"['american', 'américain', 'art pop', 'britney spears', 'dance', 'dance-pop', 'disco', 'edge of glory', 'electronic', 'electropop', 'gata rahe mera dil', 'pop', 'pop rock', 'saxx dreams', 'server name', 'synth-pop', 'synthpop', 'the fame', 'united states', 'usa']",You And I,spotify:track:6rkAY9rk1NTFB94QxG3LJR,0.518,0.709,2.0,-5.234,1.0,0.0476,0.075,0.0,0.0935,0.514,127.083,307347.0,4.0,22.36687,15.0,1.0,2011,You_And_I_by_Lady_Gaga
2005-09-10,Girl Tonite,Twista Featuring Trey Songz,14,20,"['contemporary r&b', 'electropop', 'hip hop', 'hip hop rnb and dance hall', 'pop rap', 'r&b', 'soul']",Girl Tonite,spotify:track:7zIxcV689lVTl924lAf9Kn,0.668,0.724,7.0,-5.953,1.0,0.0536,0.00551,0.0,0.218,0.318,148.522,221373.0,4.0,40.15019,12.0,1.0,2005,Girl_Tonite_by_Twista_Featuring_Trey_Songz
2005-04-16,We Belong Together,Mariah Carey,1,43,"['adult contemporary', 'american', 'christmas music', 'contemporary r&b', 'dance-pop', 'english', 'girl', 'pop', 'pop and chart', 'pop soul', 'r&b', 'rnb', 'soul', 'whistle register']",We Belong Together,spotify:track:3LmvfNUQtglbTrydsdIqFU,0.837,0.462,0.0,-7.89,1.0,0.0601,0.0339,0.0,0.09,0.762,139.986,201400.0,4.0,22.51546,9.0,1.0,2005,We_Belong_Together_by_Mariah_Carey
2011-11-19,All I Want For Christmas Is You (SuperFestive!),Justin Bieber Duet With Mariah Carey,86,1,"['adult contemporary', 'american', 'christmas music', 'contemporary r&b', 'dance-pop', 'english', 'girl', 'pop', 'pop and chart', 'pop soul', 'r&b', 'rnb', 'soul', 'whistle register']",Unknown,Unknown,Unknown,Unknown,Unknown,Unknown,Unknown,Unknown,Unknown,Unknown,Unknown,Unknown,Unknown,Unknown,Unknown,Unknown,Unknown,Unknown,2011,All_I_Want_For_Christmas_Is_You_(SuperFestive!)_by_Justin_Bieber_Duet_With_Mariah_Carey
2013-07-27,Part II (On The Run),Jay Z Featuring Beyonce,77,16,"['alternative r&b', 'art pop', 'contemporary pop', 'contemporary r&b', 'country', 'dance-pop', 'electropop', 'funk', 'grammy winner', 'hard rock', 'hip hop rnb and dance hall', 'mbs-333', 'moombahton', 'pop', 'pop rap', 'r&b', 'rnb', 'soul']",Unknown,Unknown,Unknown,Unknown,Unknown,Unknown,Unknown,Unknown,Unknown,Unknown,Unknown,Unknown,Unknown,Unknown,Unknown,Unknown,Unknown,Unknown,2013,Part_II_(On_The_Run)_by_Jay_Z_Featuring_Beyonce
2009-11-07,Vanilla Twilight,Owl City,72,5,"['fixme label mess', 'pop', 'united states']",Vanilla Twilight,spotify:track:0vCTQcxSGAgjHaiAsIANKn,0.582,0.529,11.0,-7.637,1.0,0.0248,0.00961,0.000554,0.113,0.567,166.134,231707.0,4.0,49.28075,9.0,1.0,2009,Vanilla_Twilight_by_Owl_City
2011-11-26,Smile Back,Mac Miller,55,1,"['hip hop', 'pennsylvania']",Unknown,Unknown,Unknown,Unknown,Unknown,Unknown,Unknown,Unknown,Unknown,Unknown,Unknown,Unknown,Unknown,Unknown,Unknown,Unknown,Unknown,Unknown,2011,Smile_Back_by_Mac_Miller
2016-07-16,She's Got A Way With Words,Blake Shelton,61,12,"['american', 'bro-country', 'contemporary country', 'country', 'country pop']",She's Got A Way With Words,spotify:track:3JffB4CABj9lA0NC63kbCp,0.616,0.697,3.0,-5.952,1.0,0.0295,0.326,2.18e-05,0.0827,0.68,148.93,190987.0,4.0,30.42161,8.0,1.0,2016,She's_Got_A_Way_With_Words_by_Blake_Shelton
2012-01-07,Safe & Sound,Taylor Swift Featuring The Civil Wars,30,17,Unknown,Safe & Sound,spotify:track:0z9UVN8VBHJ9HdfYsOuuNf,0.472,0.3,7.0,-10.807,1.0,0.028,0.883,1.04e-05,0.0698,0.289,144.317,240067.0,4.0,16.6589,11.0,1.0,2012,Safe_&_Sound_by_Taylor_Swift_Featuring_The_Civil_Wars
2006-10-21,We Fly High,Jim Jones,5,27,"['hip hop', 'hip hop rnb and dance hall']",We Fly High,spotify:track:5rXkgeY6rpcHcsolCpXZHR,0.685,0.8,1.0,-6.564,1.0,0.298,0.0847,0.0,0.092,0.483,120.226,236080.0,5.0,22.20191,12.0,1.0,2006,We_Fly_High_by_Jim_Jones
2015-09-05,The Fix,Nelly Featuring Jeremih,62,20,"['alternative r&b', 'contemporary r&b', 'pop rap', 'soul', 'wonky']",The Fix,spotify:track:33QRsLBBdWDYgCZfWEZqR6,0.812,0.479,8.0,-6.47,1.0,0.0429,0.0485,0.0,0.102,0.0873,95.505,173045.0,4.0,39.0011,9.0,1.0,2015,The_Fix_by_Nelly_Featuring_Jeremih
2008-02-09,Like Whoa,Aly & AJ,63,8,['pop'],Like Whoa,spotify:track:44e84JcEUfOs9cNGu8nwU5,0.703,0.806,8.0,-4.974,0.0,0.0555,0.00935,0.00056,0.0948,0.844,120.996,150827.0,4.0,42.49478,6.0,1.0,2008,Like_Whoa_by_Aly_&_AJ
2000-01-08,Love Is Blind,Eve Featuring Faith Evans,34,16,"['hip hop rnb and dance hall', 'soul']",Love Is Blind,spotify:track:0H2jfzzREOr9MF95HB7ry6,0.688,0.815,0.0,-4.761,1.0,0.321,0.263,0.0,0.151,0.587,176.086,260307.0,4.0,42.5635,13.0,1.0,2000,Love_Is_Blind_by_Eve_Featuring_Faith_Evans
2010-11-27,One Love (People Get Ready),Glee Cast,41,1,"['bogus artist', 'fixme', 'needs disambiguation/annotation', 'pop']",Unknown,Unknown,Unknown,Unknown,Unknown,Unknown,Unknown,Unknown,Unknown,Unknown,Unknown,Unknown,Unknown,Unknown,Unknown,Unknown,Unknown,Unknown,2010,One_Love_(People_Get_Ready)_by_Glee_Cast
2000-12-09,It's Over Now,112,6,20,"['contemporary r&b', 'east coast hip hop', 'hip hop', 'hip hop rnb and dance hall', 'pop', 'pop rap', 'r&b', 'rhythm and blues']",It's Over Now,spotify:track:769geiA8btidGHda4BBDOJ,0.66,0.71,1.0,-4.541,1.0,0.0409,0.0106,7.01e-06,0.0736,0.233,97.988,264933.0,4.0,60.74914,9.0,1.0,2000,It's_Over_Now_by_112
2010-04-24,Give Me A Sign (Forever And Ever),Breaking Benjamin,97,5,"['alternative metal', 'alternative rock', 'hard rock', 'post-grunge']",Unknown,Unknown,Unknown,Unknown,Unknown,Unknown,Unknown,Unknown,Unknown,Unknown,Unknown,Unknown,Unknown,Unknown,Unknown,Unknown,Unknown,Unknown,2010,Give_Me_A_Sign_(Forever_And_Ever)_by_Breaking_Benjamin
2014-03-01,Automatic,Miranda Lambert,35,19,"['american', 'contemporary country', 'country', 'country pop', 'rockabilly']",Automatic,spotify:track:0B0y2FImat9j9MJTNRZWfW,0.591,0.703,10.0,-6.211,1.0,0.0256,0.0435,2.34e-06,0.145,0.402,95.993,247827.0,4.0,46.39937,6.0,1.0,2014,Automatic_by_Miranda_Lambert
2003-08-23,Cop That Sh#!,Timbaland & Magoo Featuring Missy Elliott,95,2,['hip hop'],Unknown,Unknown,Unknown,Unknown,Unknown,Unknown,Unknown,Unknown,Unknown,Unknown,Unknown,Unknown,Unknown,Unknown,Unknown,Unknown,Unknown,Unknown,2003,Cop_That_Sh#!_by_Timbaland_&_Magoo_Featuring_Missy_Elliott
2009-06-20,Throw It In The Bag,Fabolous Featuring The-Dream,14,23,"['east coast hip hop', 'hip hop', 'hip hop rnb and dance hall', 'pop rap']",Throw It In The Bag,spotify:track:6c0GmyBsE7mQtrVvxJaWc3,0.789,0.55,11.0,-7.423,0.0,0.0473,0.174,0.0,0.0614,0.696,172.049,231573.0,4.0,31.9369,11.0,1.0,2009,Throw_It_In_The_Bag_by_Fabolous_Featuring_The-Dream
2021-05-15,Country Again,Thomas Rhett,42,20,['country'],Unknown,Unknown,Unknown,Unknown,Unknown,Unknown,Unknown,Unknown,Unknown,Unknown,Unknown,Unknown,Unknown,Unknown,Unknown,Unknown,Unknown,Unknown,2021,Country_Again_by_Thomas_Rhett
2009-05-16,Waking Up In Vegas,Katy Perry,9,23,"['""ur so fail""', 'also fail', 'american', 'américain', 'bubblegum', 'california gurls', 'chesty', 'cute', 'dance-pop', 'disco', 'electropop', 'fail', 'failfail', 'gaaaaaayyyyyyyyy', 'gaymeme', 'her expression is like shes thinking something dumb', 'homophobe', 'house', ""i'm gay if i am shut up"", ""i'm gay if i am⸲ shut up"", 'katy perry', 'katy perry is gay', 'katy pery is dumb', 'lame', 'lame lame lame lame', 'lolol trap?', 'megafail', 'megalmaestupiddumb', 'multiple ipi', 'nope still fail', 'pop', 'pop rock', 'rock', ""srsly i'm gay if i am shut up"", ""srsly what's wrong with beign gay"", 'still fail', 'total fail', 'trap', 'uncool', 'united states', 'ur so faaaail', 'ur so fail', 'ur so lame', 'usa', ""what's wrong with being gay? gay"", '‟ur so fail”']",Waking Up In Vegas,spotify:track:6fvxos1qSHrIgOkKw4dhWS,0.524,0.878,5.0,-3.108,0.0,0.0346,0.0012,0.0,0.098,0.59,130.989,199187.0,4.0,31.6712,10.0,1.0,2009,Waking_Up_In_Vegas_by_Katy_Perry
2012-06-16,For You,Keith Urban,55,18,"['bro-country', 'contemporary country', 'country', 'country pop', 'dance-pop', 'electropop', 'pop rock']",For You,spotify:track:64bWFjtzBRVSllQz9H2RAY,0.416,0.747,11.0,-7.753,0.0,0.0519,0.0116,0.000124,0.0625,0.304,170.107,289560.0,4.0,69.44249,11.0,1.0,2012,For_You_by_Keith_Urban
2005-12-03,My Old Friend,Tim McGraw,79,13,"['adult contemporary', 'contemporary country', 'country', 'country pop', 'neo-traditionalist country']",My Old Friend,spotify:track:2AbgjLSmW8l5XaaR4nQE3w,0.463,0.819,4.0,-7.662,1.0,0.0357,0.212,0.000268,0.0599,0.591,183.998,217067.0,4.0,38.32547,8.0,1.0,2005,My_Old_Friend_by_Tim_McGraw
2012-02-18,Give Me All Your Luvin',Madonna Featuring Nicki Minaj & M.I.A.,10,6,"['a filk artist', 'cousin in trinidad wont get the vaccine', 'electronic', 'hip hop', 'hip-hop', 'pop', 'pop rap', 'queen of rap', 'r&b', 'rap', 'relic inn']",Give Me All Your Luvin',spotify:track:2woCC5hiuPTDAonxhEojP0,0.68,0.885,11.0,-4.36,1.0,0.0382,0.00557,0.000704,0.377,0.879,144.998,202760.0,4.0,28.35992,8.0,1.0,2012,Give_Me_All_Your_Luvin'_by_Madonna_Featuring_Nicki_Minaj_&_M.I.A.
2015-01-31,The Body,Wale Featuring Jeremih,87,6,"['alternative r&b', 'contemporary r&b', 'pop rap', 'soul', 'wonky']",The Body,spotify:track:1cOi4OoRlpOznxiRa8FfHf,0.493,0.542,9.0,-8.016,1.0,0.076,0.0774,0.0,0.239,0.172,109.399,232661.0,4.0,89.32186,12.0,1.0,2015,The_Body_by_Wale_Featuring_Jeremih
2003-04-19,Stupid Girl,Cold,87,20,"['alternative metal', 'alternative rock', 'post-grunge']",Stupid Girl,spotify:track:40u9RFyKQfXwpPjFzK1bGO,0.43,0.868,0.0,-4.44,1.0,0.0639,0.000119,0.000389,0.0836,0.164,138.805,189853.0,3.0,28.8868,11.0,1.0,2003,Stupid_Girl_by_Cold
2008-04-19,Last Time,Trey Songz,69,13,"['contemporary r&b', 'electropop', 'hip hop', 'hip hop rnb and dance hall', 'pop rap', 'r&b', 'soul']",Last Time,spotify:track:6UBqk9rh6e2Rj7LLzDjn6R,0.629,0.624,2.0,-7.957,1.0,0.0915,0.209,0.0,0.215,0.66,119.964,261707.0,4.0,35.29111,12.0,1.0,2008,Last_Time_by_Trey_Songz
2011-11-26,Run,Matt Nathanson Featuring Sugarland,53,1,['alternative rock'],Unknown,Unknown,Unknown,Unknown,Unknown,Unknown,Unknown,Unknown,Unknown,Unknown,Unknown,Unknown,Unknown,Unknown,Unknown,Unknown,Unknown,Unknown,2011,Run_by_Matt_Nathanson_Featuring_Sugarland
2018-06-09,Dinero,Jennifer Lopez Featuring DJ Khaled & Cardi B,80,1,"['alternative pop', 'englisch', 'english', 'hip hop', 'lick', 'pop', 'rap', 'relic inn']",Dinero,spotify:track:22mQXNE0nCuWq4yOwcadIn,0.721,0.881,8.0,-2.528,1.0,0.342,0.41,7.61e-06,0.292,0.643,127.759,213750.0,4.0,29.64784,9.0,1.0,2018,Dinero_by_Jennifer_Lopez_Featuring_DJ_Khaled_&_Cardi_B
2000-08-26,Go On,George Strait,40,20,"['2008 universal fire victim', 'country', 'neo-traditionalist country']",Go On,spotify:track:0xwGijsqQXxQTJqIVXCFvY,0.705,0.555,8.0,-8.488,1.0,0.0238,0.449,0.0149,0.254,0.487,104.501,201760.0,4.0,25.34497,10.0,1.0,2000,Go_On_by_George_Strait
2008-02-16,Rock Star,Hannah Montana,81,4,"['country', 'fictional', 'pop rock']",Rock Star,spotify:track:7smCjIc7MoUM4ay55LQrdu,0.482,0.945,2.0,-3.969,1.0,0.124,0.00436,1.41e-06,0.364,0.626,160.792,178560.0,4.0,65.47339,9.0,1.0,2008,Rock_Star_by_Hannah_Montana
2001-08-18,Ghetto Girls,Lil Bow Wow,91,4,"['hip hop', 'pop rap', 'r&b', 'rap', 'trap', 'trap rap']",Ghetto Girls,spotify:track:0pm08BZksjfIZmXcPckvEc,0.769,0.732,5.0,-5.99,0.0,0.1,0.198,0.0,0.308,0.858,92.228,195267.0,4.0,28.74656,10.0,1.0,2001,Ghetto_Girls_by_Lil_Bow_Wow
2012-04-21,Little Talks,Of Monsters And Men,20,48,"['folk', 'folk pop', 'indie', 'indie folk', 'indie pop', 'indie rock', 'pop']",Little Talks,spotify:track:2ihCaVdNZmnHZWt0fvAM7B,0.446,0.757,1.0,-5.177,1.0,0.0322,0.0206,0.0,0.146,0.421,102.88,266600.0,4.0,38.14339,8.0,1.0,2012,Little_Talks_by_Of_Monsters_And_Men
2007-06-16,Startin' With Me,Jake Owen,83,9,"['bro-country', 'contemporary country', 'country', 'country pop']",Startin' With Me,spotify:track:5bQ8psGbXl0heZAiwG9jW6,0.487,0.653,11.0,-5.393,1.0,0.0522,0.109,5.15e-06,0.112,0.319,159.42,236027.0,4.0,24.03646,11.0,1.0,2007,Startin'_With_Me_by_Jake_Owen
2021-02-27,Love Story (Taylor's Version),Taylor Swift,11,2,"['americana', 'contemporary country', 'country', 'country pop', 'country-pop', 'dance-pop', 'electropop', 'female vocals', 'fixme label mess', 'hp', 'icon', 'pop', 'pop rock', 'relic inn', 'singer-songwriter', 'singer/songwriter', 'taylor-swift', 'teen pop', 'top 40']",Unknown,Unknown,Unknown,Unknown,Unknown,Unknown,Unknown,Unknown,Unknown,Unknown,Unknown,Unknown,Unknown,Unknown,Unknown,Unknown,Unknown,Unknown,2021,Love_Story_(Taylor's_Version)_by_Taylor_Swift
2020-06-13,Tell Me U Luv Me,Juice WRLD & Trippie Redd,38,4,['hip hop'],Unknown,Unknown,Unknown,Unknown,Unknown,Unknown,Unknown,Unknown,Unknown,Unknown,Unknown,Unknown,Unknown,Unknown,Unknown,Unknown,Unknown,Unknown,2020,Tell_Me_U_Luv_Me_by_Juice_WRLD_&_Trippie_Redd
2021-10-16,Last One Standing,"Skylar Grey, Polo G, Mozzy & Eminem",78,1,"['pop', 'rock']",Unknown,Unknown,Unknown,Unknown,Unknown,Unknown,Unknown,Unknown,Unknown,Unknown,Unknown,Unknown,Unknown,Unknown,Unknown,Unknown,Unknown,Unknown,2021,"Last_One_Standing_by_Skylar_Grey,_Polo_G,_Mozzy_&_Eminem"
2010-07-24,Up On The Ridge,Dierks Bentley,99,1,"['contemporary country', 'country']",Unknown,Unknown,Unknown,Unknown,Unknown,Unknown,Unknown,Unknown,Unknown,Unknown,Unknown,Unknown,Unknown,Unknown,Unknown,Unknown,Unknown,Unknown,2010,Up_On_The_Ridge_by_Dierks_Bentley
2005-10-29,And I,Ciara,96,1,"['contemporary r&b', 'crunk&b', 'dance', 'dance-pop', 'electropop', 'hip hop', 'pop', 'pop and chart', 'pop rap', 'r&b']",And I,spotify:track:1Jp9n1uHB72CfK31j4mEPh,0.691,0.389,6.0,-10.125,1.0,0.0653,0.255,0.0,0.0981,0.437,122.219,233840.0,4.0,81.77735,7.0,1.0,2005,And_I_by_Ciara
2009-12-19,Who I Am,Nick Jonas & The Administration,73,2,['rock'],Unknown,Unknown,Unknown,Unknown,Unknown,Unknown,Unknown,Unknown,Unknown,Unknown,Unknown,Unknown,Unknown,Unknown,Unknown,Unknown,Unknown,Unknown,2009,Who_I_Am_by_Nick_Jonas_&_The_Administration
2009-05-16,Lost You Anyway,Toby Keith,69,10,"['2008 universal fire victim', 'contemporary country', 'country', 'country pop', 'pop', 'rock']",Lost You Anyway,spotify:track:2cNCswP33qCFzPQYTegmtX,0.402,0.675,6.0,-5.761,0.0,0.0329,0.0278,0.00552,0.0811,0.321,150.11,218493.0,4.0,29.07899,12.0,1.0,2009,Lost_You_Anyway_by_Toby_Keith
2009-09-12,Under,Pleasure P,78,10,Unknown,Under,spotify:track:48TPQWN8wy8vgJ0rKWM0z3,0.675,0.678,5.0,-7.151,0.0,0.0625,0.202,1.49e-06,0.144,0.474,119.986,231160.0,4.0,31.21612,10.0,1.0,2009,Under_by_Pleasure_P
2002-02-02,I Miss You,DMX Featuring Faith Evans,86,7,"['hip hop rnb and dance hall', 'soul']",I Miss You,spotify:track:3DwoQNhaFD3mCKh93w2MHH,0.725,0.708,6.0,-5.21,1.0,0.219,0.152,0.0,0.0887,0.585,90.596,280867.0,4.0,23.98694,13.0,1.0,2002,I_Miss_You_by_DMX_Featuring_Faith_Evans
2020-12-26,Gold Rush,Taylor Swift,40,1,"['americana', 'contemporary country', 'country', 'country pop', 'country-pop', 'dance-pop', 'electropop', 'female vocals', 'fixme label mess', 'hp', 'icon', 'pop', 'pop rock', 'relic inn', 'singer-songwriter', 'singer/songwriter', 'taylor-swift', 'teen pop', 'top 40']",Unknown,Unknown,Unknown,Unknown,Unknown,Unknown,Unknown,Unknown,Unknown,Unknown,Unknown,Unknown,Unknown,Unknown,Unknown,Unknown,Unknown,Unknown,2020,Gold_Rush_by_Taylor_Swift
2014-06-21,Ultraviolence,Lana Del Rey,70,1,"['+usa (new york:manhatten)', 'alternative', 'american', 'art pop', 'chamber pop', 'dream pop', 'electronic', 'film soundtrack', 'hawaiian glam metal', 'indie pop', 'indie/dream-pop', 'karen', 'next', 'pop', 'pop. alternative', 'question for the culture', 'remix', 'sadcore', 'singer', 'trip hop']",Unknown,Unknown,Unknown,Unknown,Unknown,Unknown,Unknown,Unknown,Unknown,Unknown,Unknown,Unknown,Unknown,Unknown,Unknown,Unknown,Unknown,Unknown,2014,Ultraviolence_by_Lana_Del_Rey
2010-08-28,As She's Walking Away,Zac Brown Band Featuring Alan Jackson,32,20,"['american', 'contemporary country', 'country', 'country pop', 'country rock', 'southern rock']",As She's Walking Away,spotify:track:5qYiVdWxd84wRWGIQ9Hts6,0.553,0.619,3.0,-7.101,1.0,0.0308,0.474,0.0,0.123,0.374,183.91,223827.0,4.0,18.46741,14.0,1.0,2010,As_She's_Walking_Away_by_Zac_Brown_Band_Featuring_Alan_Jackson
2008-01-05,What Is It,Baby Bash Featuring Sean Kingston,57,12,"['contemporary r&b', 'hip hop', 'pop rap']",What Is It,spotify:track:371GoHoueVN53jY8MoWufq,0.738,0.755,8.0,-5.728,1.0,0.0391,0.0272,0.0,0.273,0.19,93.047,201120.0,4.0,32.50222,14.0,1.0,2008,What_Is_It_by_Baby_Bash_Featuring_Sean_Kingston
2013-11-02,Chillin' It,Cole Swindell,28,20,"['bro-country', 'contemporary country', 'country', 'country pop']",Chillin' It,spotify:track:0Utg7sirTPqrs6Cx0FbriQ,0.576,0.849,9.0,-3.057,1.0,0.0386,0.511,3.89e-05,0.109,0.666,137.982,196747.0,4.0,18.05356,9.0,1.0,2013,Chillin'_It_by_Cole_Swindell
2019-01-12,Roses,benny blanco & Juice WRLD Featuring Brendon Urie,85,6,"['panic at the disco', 'pop rock']",Roses,spotify:track:1KVczjazCcCCgM3gXXUl47,0.612,0.601,8.0,-7.089,1.0,0.164,0.168,0.0,0.117,0.525,147.018,223543.0,4.0,66.34093,11.0,1.0,2019,Roses_by_benny_blanco_&_Juice_WRLD_Featuring_Brendon_Urie
2008-07-05,Lost!,Coldplay With Jay-Z,40,5,"['alternative rock', 'ambient pop', 'britannique', 'british', 'britpop', 'chapel', 'english', 'parlophone', 'piano pop', 'piano rock', 'pop', 'pop rock', 'pop/rock', 'post-britpop', 'rock', 'rock and indie', 'uk']",Unknown,Unknown,Unknown,Unknown,Unknown,Unknown,Unknown,Unknown,Unknown,Unknown,Unknown,Unknown,Unknown,Unknown,Unknown,Unknown,Unknown,Unknown,2008,Lost!_by_Coldplay_With_Jay-Z
2016-12-31,She's Mine Pt. 2,J. Cole,34,1,"['hip hop', 'hip-hop', 'rap']",Unknown,Unknown,Unknown,Unknown,Unknown,Unknown,Unknown,Unknown,Unknown,Unknown,Unknown,Unknown,Unknown,Unknown,Unknown,Unknown,Unknown,Unknown,2016,She's_Mine_Pt._2_by_J._Cole
2005-06-04,Listen To Your Heart,D.H.T.,8,27,['pop and chart'],Unknown,Unknown,Unknown,Unknown,Unknown,Unknown,Unknown,Unknown,Unknown,Unknown,Unknown,Unknown,Unknown,Unknown,Unknown,Unknown,Unknown,Unknown,2005,Listen_To_Your_Heart_by_D.H.T.
2011-06-04,My Man,Glee Cast,94,1,"['bogus artist', 'fixme', 'needs disambiguation/annotation', 'pop']",Unknown,Unknown,Unknown,Unknown,Unknown,Unknown,Unknown,Unknown,Unknown,Unknown,Unknown,Unknown,Unknown,Unknown,Unknown,Unknown,Unknown,Unknown,2011,My_Man_by_Glee_Cast
2021-09-25,Have Mercy,Chloe,28,15,Unknown,Unknown,Unknown,Unknown,Unknown,Unknown,Unknown,Unknown,Unknown,Unknown,Unknown,Unknown,Unknown,Unknown,Unknown,Unknown,Unknown,Unknown,Unknown,2021,Have_Mercy_by_Chloe
2021-08-07,Lick Back,EST Gee,89,1,Unknown,Unknown,Unknown,Unknown,Unknown,Unknown,Unknown,Unknown,Unknown,Unknown,Unknown,Unknown,Unknown,Unknown,Unknown,Unknown,Unknown,Unknown,Unknown,2021,Lick_Back_by_EST_Gee
2006-09-09,The Party's Just Begun,The Cheetah Girls,85,2,Unknown,The Party's Just Begun,spotify:track:5Au8ObNQvrwFVEgGqQQL6D,0.751,0.845,1.0,-4.444,1.0,0.134,0.102,0.0,0.0497,0.927,103.995,189693.0,4.0,48.47201,8.0,1.0,2006,The_Party's_Just_Begun_by_The_Cheetah_Girls
2008-12-06,Ride,Ace Hood Featuring Trey Songz,90,1,"['contemporary r&b', 'electropop', 'hip hop', 'hip hop rnb and dance hall', 'pop rap', 'r&b', 'soul']",Unknown,Unknown,Unknown,Unknown,Unknown,Unknown,Unknown,Unknown,Unknown,Unknown,Unknown,Unknown,Unknown,Unknown,Unknown,Unknown,Unknown,Unknown,2008,Ride_by_Ace_Hood_Featuring_Trey_Songz
2013-04-06,Molly,"Tyga Featuring Cedric Gervais, Wiz Khalifa & Mally Mall",66,12,"['hip hop', 'hip hop rnb and dance hall', 'pop rap', 'rap']",Molly,spotify:track:3fT9dyFnGSiXYfNOLZi3Ew,0.831,0.783,5.0,-6.719,1.0,0.0527,0.079,1.27e-06,0.35,0.771,140.046,218440.0,4.0,24.4684,11.0,1.0,2013,"Molly_by_Tyga_Featuring_Cedric_Gervais,_Wiz_Khalifa_&_Mally_Mall"
2002-11-02,Why I Love You,B2K,73,4,"['american', 'contemporary r&b', 'r&b']",Why I Love You,spotify:track:0fPBKo78nKsbIla2ExeefC,0.698,0.618,0.0,-5.83,1.0,0.0282,0.0482,0.0,0.116,0.37,89.981,240640.0,4.0,26.48417,9.0,1.0,2002,Why_I_Love_You_by_B2K
2021-10-02,On My Side,YoungBoy Never Broke Again,37,2,['hip hop'],Unknown,Unknown,Unknown,Unknown,Unknown,Unknown,Unknown,Unknown,Unknown,Unknown,Unknown,Unknown,Unknown,Unknown,Unknown,Unknown,Unknown,Unknown,2021,On_My_Side_by_YoungBoy_Never_Broke_Again
2021-11-13,Eat It,Megan Thee Stallion,82,1,"['english', 'hip hop', 'rap']",Unknown,Unknown,Unknown,Unknown,Unknown,Unknown,Unknown,Unknown,Unknown,Unknown,Unknown,Unknown,Unknown,Unknown,Unknown,Unknown,Unknown,Unknown,2021,Eat_It_by_Megan_Thee_Stallion
2020-02-08,B.I.T.C.H.,Megan Thee Stallion,31,10,"['english', 'hip hop', 'rap']",Unknown,Unknown,Unknown,Unknown,Unknown,Unknown,Unknown,Unknown,Unknown,Unknown,Unknown,Unknown,Unknown,Unknown,Unknown,Unknown,Unknown,Unknown,2020,B.I.T.C.H._by_Megan_Thee_Stallion
2018-05-26,Me Niego,Reik Featuring Ozuna & Wisin,77,3,"['latin', 'latin urban', 'reggaeton']",Unknown,Unknown,Unknown,Unknown,Unknown,Unknown,Unknown,Unknown,Unknown,Unknown,Unknown,Unknown,Unknown,Unknown,Unknown,Unknown,Unknown,Unknown,2018,Me_Niego_by_Reik_Featuring_Ozuna_&_Wisin
2010-08-28,Circle The Drain,Katy Perry,58,1,"['""ur so fail""', 'also fail', 'american', 'américain', 'bubblegum', 'california gurls', 'chesty', 'cute', 'dance-pop', 'disco', 'electropop', 'fail', 'failfail', 'gaaaaaayyyyyyyyy', 'gaymeme', 'her expression is like shes thinking something dumb', 'homophobe', 'house', ""i'm gay if i am shut up"", ""i'm gay if i am⸲ shut up"", 'katy perry', 'katy perry is gay', 'katy pery is dumb', 'lame', 'lame lame lame lame', 'lolol trap?', 'megafail', 'megalmaestupiddumb', 'multiple ipi', 'nope still fail', 'pop', 'pop rock', 'rock', ""srsly i'm gay if i am shut up"", ""srsly what's wrong with beign gay"", 'still fail', 'total fail', 'trap', 'uncool', 'united states', 'ur so faaaail', 'ur so fail', 'ur so lame', 'usa', ""what's wrong with being gay? gay"", '‟ur so fail”']",Unknown,Unknown,Unknown,Unknown,Unknown,Unknown,Unknown,Unknown,Unknown,Unknown,Unknown,Unknown,Unknown,Unknown,Unknown,Unknown,Unknown,Unknown,2010,Circle_The_Drain_by_Katy_Perry
2011-04-09,If Heaven Wasn't So Far Away,Justin Moore,49,20,"['contemporary country', 'country']",If Heaven Wasn't So Far Away,spotify:track:0aW7CSfoMBKBzLE7VerHyn,0.374,0.657,11.0,-6.086,1.0,0.0325,0.0434,0.0,0.219,0.376,74.234,223280.0,4.0,40.16541,8.0,1.0,2011,If_Heaven_Wasn't_So_Far_Away_by_Justin_Moore
2013-11-02,Let Me Go,Avril Lavigne Featuring Chad Kroeger,78,2,"['743219675026', 'alternative rock', 'bubblegum punk', 'dance-pop', 'electropop', 'indie rock', 'mall punk', 'pop', 'pop and chart', 'pop punk', 'pop rock', 'pop/rock', 'post-grunge', 'punk', 'punk rock', 'rock', 'soft rock', 'teen pop', 'teen punk']",Let Me Go,spotify:track:2o0V0AATmWmCmMOAFWDuEV,0.385,0.654,4.0,-6.635,1.0,0.0342,0.212,0.0,0.136,0.125,164.196,267973.0,3.0,43.48854,12.0,1.0,2013,Let_Me_Go_by_Avril_Lavigne_Featuring_Chad_Kroeger
2010-07-17,Jar Of Hearts,Christina Perri,17,31,"['alternative', 'pop']",Jar Of Hearts,spotify:track:0HZhYMZOcUzZKSFwPOti6m,0.349,0.348,3.0,-6.142,1.0,0.0316,0.726,0.0,0.12,0.0886,74.541,246587.0,4.0,28.2682,11.0,1.0,2010,Jar_Of_Hearts_by_Christina_Perri
2015-11-21,"Me, Myself & I",G-Eazy x Bebe Rexha,7,37,"['pop', 'the sims']","Me, Myself & I",spotify:track:40YcuQysJ0KlGQTeGUosTC,0.757,0.672,0.0,-6.524,0.0,0.0955,0.0186,0.0,0.158,0.382,111.996,251467.0,4.0,26.78731,13.0,1.0,2015,"Me,_Myself_&_I_by_G-Eazy_x_Bebe_Rexha"
2017-11-25,Rubbin Off The Paint,YBN Nahmir,46,17,['ybn nahmir'],Rubbin Off The Paint,spotify:track:6V4KHt9xu4TPEnDFoBeacT,0.734,0.751,1.0,-7.26,1.0,0.285,0.00529,0.0,0.183,0.56,161.997,159916.0,4.0,27.54142,6.0,1.0,2017,Rubbin_Off_The_Paint_by_YBN_Nahmir
2001-01-06,You Make Me Sick,P!nk,33,19,"['contemporary r&b', 'dance-pop', 'electropop', 'music for soccer moms', 'pop', 'pop and chart', 'pop rock', 'sober', 'united states']",You Make Me Sick,spotify:track:1icygp76kVbs429RikF0jJ,0.77,0.686,11.0,-6.596,0.0,0.168,0.00223,2.03e-06,0.347,0.657,100.53,247533.0,4.0,41.12756,11.0,1.0,2001,You_Make_Me_Sick_by_P!nk
2000-01-22,Breathe And Stop,Q-Tip,71,5,"['alternative hip hop', 'conscious hip hop', 'east coast hip hop', 'hip hop', 'hip hop rnb and dance hall', 'instrumental hip hop', 'jazz rap', 'neo-soul', 'pop rap']",Breathe And Stop,spotify:track:7nDtDxsKJ3fho8xEmU65JJ,0.881,0.83,7.0,-4.563,1.0,0.172,0.0144,0.00771,0.0626,0.765,98.793,243867.0,4.0,28.66701,13.0,1.0,2000,Breathe_And_Stop_by_Q-Tip
2015-03-14,Smoke,A Thousand Horses,47,20,['country'],Smoke,spotify:track:0ZUnRmGiWEypcw14WjW109,0.433,0.776,7.0,-5.53,1.0,0.029,0.0349,0.00023,0.387,0.424,149.641,219080.0,4.0,26.19583,12.0,1.0,2015,Smoke_by_A_Thousand_Horses
2020-03-21,Bigger Than Life,Lil Uzi Vert,33,1,['hip hop'],Unknown,Unknown,Unknown,Unknown,Unknown,Unknown,Unknown,Unknown,Unknown,Unknown,Unknown,Unknown,Unknown,Unknown,Unknown,Unknown,Unknown,Unknown,2020,Bigger_Than_Life_by_Lil_Uzi_Vert
2007-10-06,1973,James Blunt,73,3,"['acoustic rock', 'british', 'english', 'folk rock', 'piano rock', 'pop', 'pop and chart', 'pop rock', 'rhyming slang', 'rock', 'singer-songwriter', 'singer/songwriter', 'soft rock', 'uk']",1973,spotify:track:1BV0m40U0M4t1SLIsDnwZl,0.72,0.668,9.0,-7.928,1.0,0.0269,0.0652,0.00664,0.0789,0.768,123.007,280027.0,4.0,21.35134,10.0,1.0,2007,1973_by_James_Blunt
2011-03-12,Boyfriend,Big Time Rush,72,11,"['pop', 'rush time big']",Boyfriend,spotify:track:1rKBOL9kJfX1Y4C3QaOvRH,0.614,0.857,1.0,-4.171,0.0,0.111,0.0987,0.0,0.177,0.677,164.146,201040.0,4.0,33.42683,7.0,1.0,2011,Boyfriend_by_Big_Time_Rush
2012-03-31,Changed,Rascal Flatts,73,8,"['classic pop and rock', 'contemporary country', 'country', 'country pop', 'modern country']",Changed,spotify:track:7ClZTubD4KudpEuBysLMUI,0.442,0.556,4.0,-6.925,1.0,0.0345,0.0751,7.59e-06,0.0984,0.26,140.563,262227.0,4.0,43.1798,11.0,1.0,2012,Changed_by_Rascal_Flatts
2007-10-06,Famous In A Small Town,Miranda Lambert,87,8,"['american', 'contemporary country', 'country', 'country pop', 'rockabilly']",Famous In A Small Town,spotify:track:4oXOOBwZsHFnRRNBNXrr9X,0.509,0.932,11.0,-3.948,1.0,0.0667,0.268,0.0,0.0615,0.675,138.722,245333.0,4.0,32.02187,12.0,1.0,2007,Famous_In_A_Small_Town_by_Miranda_Lambert
2020-03-14,Can't Explain,Lil Baby,99,1,"['english', 'hip hop', 'lil baby', 'rap']",Unknown,Unknown,Unknown,Unknown,Unknown,Unknown,Unknown,Unknown,Unknown,Unknown,Unknown,Unknown,Unknown,Unknown,Unknown,Unknown,Unknown,Unknown,2020,Can't_Explain_by_Lil_Baby
2020-05-16,Be Kind,Marshmello & Halsey,29,15,"['english', 'hip hop', 'independent artist']",Unknown,Unknown,Unknown,Unknown,Unknown,Unknown,Unknown,Unknown,Unknown,Unknown,Unknown,Unknown,Unknown,Unknown,Unknown,Unknown,Unknown,Unknown,2020,Be_Kind_by_Marshmello_&_Halsey
2020-08-15,I Should Probably Go To Bed,Dan + Shay,28,24,"['contemporary country', 'country', 'country pop']",Unknown,Unknown,Unknown,Unknown,Unknown,Unknown,Unknown,Unknown,Unknown,Unknown,Unknown,Unknown,Unknown,Unknown,Unknown,Unknown,Unknown,Unknown,2020,I_Should_Probably_Go_To_Bed_by_Dan_+_Shay
2018-11-03,Jet Lag,Future & Juice WRLD Featuring Young Scooter,72,1,"['death by murder', 'english', 'hip hop', 'rap', 'usa']",Unknown,Unknown,Unknown,Unknown,Unknown,Unknown,Unknown,Unknown,Unknown,Unknown,Unknown,Unknown,Unknown,Unknown,Unknown,Unknown,Unknown,Unknown,2018,Jet_Lag_by_Future_&_Juice_WRLD_Featuring_Young_Scooter
2008-01-26,Dey Know,Shawty Lo,31,17,Unknown,Dey Know,spotify:track:6TQANhh0iV17xMeExcH6qj,0.428,0.714,8.0,-5.574,1.0,0.399,0.0895,0.0,0.766,0.678,110.017,198093.0,3.0,27.70688,12.0,1.0,2008,Dey_Know_by_Shawty_Lo
2002-01-26,I Love You,Faith Evans,14,21,"['hip hop rnb and dance hall', 'soul']",I Love You,spotify:track:6gsmFgUiSTuinJlScwFODv,0.489,0.757,11.0,-4.062,0.0,0.0926,0.00981,0.0,0.234,0.567,168.004,267160.0,4.0,29.03989,13.0,1.0,2002,I_Love_You_by_Faith_Evans
2013-09-07,Give It 2 U,Robin Thicke Featuring Kendrick Lamar,25,12,"['2008 universal fire victim', 'hip hop', 'hip hop rnb and dance hall', 'r&b', 'robin thicke beautiful', 'soul']",Give It 2 U,spotify:track:5zDQlhcJ5KOoXeSMGwiuJY,0.672,0.827,6.0,-3.829,0.0,0.0693,0.101,0.0,0.16,0.58,127.076,229667.0,4.0,42.14582,9.0,1.0,2013,Give_It_2_U_by_Robin_Thicke_Featuring_Kendrick_Lamar
2009-06-06,One,Adam Lambert,82,1,"['american idol', 'costume', 'dance', 'dance-pop', 'electropop', 'glam', 'pop', 'pop rock', 'rock', 'showman', 'soul', 'synthpop', 'vocalist']",Unknown,Unknown,Unknown,Unknown,Unknown,Unknown,Unknown,Unknown,Unknown,Unknown,Unknown,Unknown,Unknown,Unknown,Unknown,Unknown,Unknown,Unknown,2009,One_by_Adam_Lambert
2019-06-15,Ran$om,Lil Tecca,4,31,['hip hop'],Unknown,Unknown,Unknown,Unknown,Unknown,Unknown,Unknown,Unknown,Unknown,Unknown,Unknown,Unknown,Unknown,Unknown,Unknown,Unknown,Unknown,Unknown,2019,Ran$om_by_Lil_Tecca
2021-11-06,Poke It Out,Wale Featuring J. Cole,79,6,"['hip hop', 'hip-hop', 'rap']",Unknown,Unknown,Unknown,Unknown,Unknown,Unknown,Unknown,Unknown,Unknown,Unknown,Unknown,Unknown,Unknown,Unknown,Unknown,Unknown,Unknown,Unknown,2021,Poke_It_Out_by_Wale_Featuring_J._Cole
2014-12-27,Wet Dreamz,J. Cole,61,20,"['hip hop', 'hip-hop', 'rap']",Wet Dreamz,spotify:track:6Ius4TC0L3cN74HT7ENE6e,0.504,0.705,6.0,-8.205,0.0,0.364,0.0752,0.0,0.128,0.584,175.483,239320.0,4.0,22.36431,13.0,1.0,2014,Wet_Dreamz_by_J._Cole
2000-03-04,There You Go,P!nk,7,32,"['contemporary r&b', 'dance-pop', 'electropop', 'music for soccer moms', 'pop', 'pop and chart', 'pop rock', 'sober', 'united states']",There You Go,spotify:track:6dJ2mSRaKE9ctYw9qWNGWQ,0.822,0.847,10.0,-6.729,0.0,0.0916,0.0862,0.0,0.0452,0.667,107.906,202800.0,4.0,28.72679,9.0,1.0,2000,There_You_Go_by_P!nk
2004-12-04,Monday Morning Church,Alan Jackson,54,16,"['bluegrass', 'christmas music', 'contemporary country', 'country', 'country gospel']",Monday Morning Church,spotify:track:0yftAXSqtZoHdgrXjSuZwz,0.557,0.26,4.0,-15.062,1.0,0.0321,0.226,0.0,0.135,0.154,135.922,204467.0,4.0,29.36808,12.0,1.0,2004,Monday_Morning_Church_by_Alan_Jackson
2014-04-05,Beating Heart,Ellie Goulding,88,3,"['a filk artist', 'chamber pop', 'contemporary r&b', 'drum and bass', 'electropop', 'film soundtrack', 'indie folk', 'indie pop', 'pop', 'synth-pop', 'synthpop']",Beating Heart,spotify:track:74ShSWUO9MyQ12K5b9ToCf,0.56,0.747,2.0,-5.998,0.0,0.0689,0.189,3.37e-06,0.109,0.242,127.941,212125.0,4.0,33.64975,10.0,1.0,2014,Beating_Heart_by_Ellie_Goulding
2008-06-14,Got Money,Lil Wayne Featuring T-Pain,10,27,"['as jailed', 'chopped and screwed', 'contemporary r&b', 'criminal', 'gangsta rap', 'hip hop', 'hip hop rnb and dance hall', 'lil wayne', 'pop rap', 'r&b', 'rap', 'rap rock', 'relic inn', 'southern hip hop', 'trap']",Got Money,spotify:track:46lIt6GmL0VkkbuUyGDbCs,0.692,0.661,7.0,-4.847,1.0,0.123,0.00188,0.0,0.676,0.703,82.479,244627.0,4.0,40.02293,9.0,1.0,2008,Got_Money_by_Lil_Wayne_Featuring_T-Pain
2010-03-20,Feel It,Three 6 Mafia Vs. Tiesto With Sean Kingston & Flo Rida,78,2,"['crunk', 'dirty south', 'hip hop', 'southern hip hop']",Unknown,Unknown,Unknown,Unknown,Unknown,Unknown,Unknown,Unknown,Unknown,Unknown,Unknown,Unknown,Unknown,Unknown,Unknown,Unknown,Unknown,Unknown,2010,Feel_It_by_Three_6_Mafia_Vs._Tiesto_With_Sean_Kingston_&_Flo_Rida
2014-10-25,L.A.LOVE (la la),Fergie,27,18,"['contemporary r&b', 'dance-pop', 'electro house', 'hip hop', 'pop', 'pop rap', 'r&b', 'soul and reggae', 'trap']",L.A.LOVE (la la),spotify:track:5h2nC1QYVpK0AJra70Ja3p,0.509,0.482,7.0,-6.965,1.0,0.176,0.0186,0.0,0.238,0.301,101.042,211512.0,4.0,40.50528,11.0,1.0,2014,L.A.LOVE_(la_la)_by_Fergie
2019-09-14,Bezerk,Big Sean Featuring A$AP Ferg & Hit-Boy,89,1,['hip hop'],Unknown,Unknown,Unknown,Unknown,Unknown,Unknown,Unknown,Unknown,Unknown,Unknown,Unknown,Unknown,Unknown,Unknown,Unknown,Unknown,Unknown,Unknown,2019,Bezerk_by_Big_Sean_Featuring_A$AP_Ferg_&_Hit-Boy
2018-06-02,Life Goes On,Lil Baby Featuring Gunna & Lil Uzi Vert,74,6,['hip hop'],Life Goes On,spotify:track:2bSk87AVkCIIC3Bcligq1z,0.716,0.541,1.0,-7.909,1.0,0.149,0.0021,0.0,0.115,0.387,139.978,247055.0,4.0,42.92595,9.0,1.0,2018,Life_Goes_On_by_Lil_Baby_Featuring_Gunna_&_Lil_Uzi_Vert
2013-09-14,Sunny And 75,Joe Nichols,39,20,"['contemporary country', 'country', 'neo-traditionalist country']",Sunny And 75,spotify:track:1rGLPyb4LMojT4wpxiZTp8,0.531,0.893,0.0,-4.422,1.0,0.055,0.184,1.01e-06,0.101,0.323,120.045,206947.0,4.0,40.28794,9.0,1.0,2013,Sunny_And_75_by_Joe_Nichols
2019-10-26,In Control,YoungBoy Never Broke Again,73,2,['hip hop'],In Control,spotify:track:5IdAcHb4cwtexqMlOojWhR,0.643,0.77,5.0,-4.524,0.0,0.228,0.13,0.0,0.247,0.863,170.006,181437.0,4.0,41.32302,9.0,1.0,2019,In_Control_by_YoungBoy_Never_Broke_Again
2016-07-23,Flexicution,Logic,100,1,"['dmv', 'hip hop', 'rap', 'underground']",Unknown,Unknown,Unknown,Unknown,Unknown,Unknown,Unknown,Unknown,Unknown,Unknown,Unknown,Unknown,Unknown,Unknown,Unknown,Unknown,Unknown,Unknown,2016,Flexicution_by_Logic
2007-02-10,Famous Last Words,My Chemical Romance,88,7,"['alternative', 'alternative rock', 'emo', 'hard rock', 'matthew edward hall', 'pop and chart', 'pop punk', 'post-hardcore', 'punk', 'rock']",Famous Last Words,spotify:track:2d6m2F4I7wCuAKtSsdhh83,0.467,0.883,2.0,-3.679,0.0,0.106,0.000321,0.000152,0.125,0.309,122.252,299227.0,4.0,44.11668,13.0,1.0,2007,Famous_Last_Words_by_My_Chemical_Romance
2020-11-14,Dakiti,Bad Bunny & Jhay Cortez,5,28,"['hip hop', 'latin', 'latin rap', 'latin trap', 'latin urban', 'reggaeton']",Unknown,Unknown,Unknown,Unknown,Unknown,Unknown,Unknown,Unknown,Unknown,Unknown,Unknown,Unknown,Unknown,Unknown,Unknown,Unknown,Unknown,Unknown,2020,Dakiti_by_Bad_Bunny_&_Jhay_Cortez
2004-01-03,Sorry 2004,Ruben Studdard,9,20,"['american idol', 'r&b']",Sorry 2004,spotify:track:2u34ZVPVlr7hfN7vDr1512,0.721,0.472,9.0,-7.574,1.0,0.0619,0.076,0.0,0.332,0.462,129.964,261867.0,4.0,30.09556,10.0,1.0,2004,Sorry_2004_by_Ruben_Studdard
2003-04-26,Stay Gone,Jimmy Wayne,32,20,['country'],Stay Gone,spotify:track:2HEMdZPNfOLF9W3LeE7dkC,0.52,0.515,9.0,-5.497,1.0,0.0276,0.0976,0.0,0.271,0.193,142.086,226600.0,3.0,38.79077,13.0,1.0,2003,Stay_Gone_by_Jimmy_Wayne
2012-02-18,Smooth Criminal,Glee Cast Featuring 2Cellos,26,2,"['bogus artist', 'fixme', 'needs disambiguation/annotation', 'pop']",Smooth Criminal,spotify:track:1iAzKpS5HUrwit6zuezPQk,0.756,0.814,0.0,-6.11,1.0,0.0437,0.632,0.00068,0.161,0.905,135.043,214680.0,4.0,40.87541,8.0,1.0,2012,Smooth_Criminal_by_Glee_Cast_Featuring_2Cellos
2019-02-23,Fake Smile,Ariana Grande,26,2,"['ag4', 'contemporary r&b', 'dance-pop', 'electro house', 'electropop', 'english', 'female vocals', 'pop', 'r&b']",Unknown,Unknown,Unknown,Unknown,Unknown,Unknown,Unknown,Unknown,Unknown,Unknown,Unknown,Unknown,Unknown,Unknown,Unknown,Unknown,Unknown,Unknown,2019,Fake_Smile_by_Ariana_Grande
2018-07-28,Nico And The Niners,twenty one pilots,79,2,"['alternative hip hop', 'alternative rap', 'alternative rock', 'electropop', 'emo', 'hip hop', 'hip-hop', 'hip-hop/rap', 'indie', 'indie pop', 'indie rock', 'pop', 'pop rock', 'rap', 'rap rock', 'rock']",Unknown,Unknown,Unknown,Unknown,Unknown,Unknown,Unknown,Unknown,Unknown,Unknown,Unknown,Unknown,Unknown,Unknown,Unknown,Unknown,Unknown,Unknown,2018,Nico_And_The_Niners_by_twenty_one_pilots
2007-02-24,1st Time,Yung Joc Featuring Marques Houston & Trey Songz,82,6,"['contemporary r&b', 'electropop', 'hip hop', 'hip hop rnb and dance hall', 'pop rap', 'r&b', 'soul']",1st Time,spotify:track:5ehwXxbiFNYwlmntoKom7h,0.686,0.603,6.0,-6.112,1.0,0.202,0.0981,0.0,0.102,0.778,133.034,267627.0,4.0,32.72684,14.0,1.0,2007,1st_Time_by_Yung_Joc_Featuring_Marques_Houston_&_Trey_Songz
2005-04-30,I'll Take That As A Yes (The Hot Tub Song),Phil Vassar,89,5,['country'],I'll Take That As A Yes (The Hot Tub Song),spotify:track:2f44w3kcYPm9NEVXmbCoTI,0.653,0.76,7.0,-3.774,1.0,0.0284,0.0533,0.0,0.505,0.59,91.845,206147.0,4.0,28.11322,12.0,1.0,2005,I'll_Take_That_As_A_Yes_(The_Hot_Tub_Song)_by_Phil_Vassar
2011-01-08,I Am The Champion,B.o.B,85,1,"['bob-marley', 'jamaican', 'reggae', 'roots reggae', 'singer-songwriter', 'soul and reggae', 'the wailers']",Unknown,Unknown,Unknown,Unknown,Unknown,Unknown,Unknown,Unknown,Unknown,Unknown,Unknown,Unknown,Unknown,Unknown,Unknown,Unknown,Unknown,Unknown,2011,I_Am_The_Champion_by_B.o.B
2017-09-23,Bad At Love,Halsey,5,33,"['alternative pop', 'electropop', 'indie pop', 'pop rock', 'r&b', 'synth-pop']",Bad At Love,spotify:track:7y9iMe8SOB6z3NoHE2OfXl,0.675,0.751,0.0,-3.539,1.0,0.0296,0.0604,0.0,0.0893,0.612,118.384,181279.0,4.0,40.50528,9.0,1.0,2017,Bad_At_Love_by_Halsey
2013-08-17,Let Her Go,Passenger,5,43,"['alternative', 'alternative indy folk', 'english', 'folk', 'folk pop', 'indie', 'indie folk', 'indie pop', 'singer-songwriter', 'singer/songwriter']",Let Her Go,spotify:track:0JmiBCpWc1IAc0et7Xm7FL,0.479,0.545,7.0,-7.346,1.0,0.0688,0.365,0.0,0.0963,0.244,74.897,252733.0,4.0,53.79626,8.0,1.0,2013,Let_Her_Go_by_Passenger
2010-06-19,Deja Vu,3OH!3,75,1,"['dance', 'electronic', 'united states']",Deja Vu,spotify:track:70sK7T5SzRs6QFHA1LLfrw,0.654,0.817,11.0,-4.908,0.0,0.266,0.0816,0.0,0.41,0.794,127.991,184667.0,4.0,48.98476,8.0,1.0,2010,Deja_Vu_by_3OH!3
2015-01-10,Earned It (Fifty Shades Of Grey),The Weeknd,3,43,"['alternative r&b', 'contemporary r&b', 'dance-pop', 'pbr&b', 'pop', 'r&b', 'rnb', 'synth-pop']",Earned It (Fifty Shades Of Grey),spotify:track:4frLb7nWtsz2ymBE6k2GRP,0.647,0.291,2.0,-8.275,0.0,0.0363,0.408,0.0,0.0771,0.4,119.839,277680.0,3.0,41.87264,9.0,1.0,2015,Earned_It_(Fifty_Shades_Of_Grey)_by_The_Weeknd
2001-10-13,"Lights, Camera, Action!",Mr. Cheeks,14,30,"['hip hop', 'hip hop rnb and dance hall']","Lights, Camera, Action!",spotify:track:36gOOIQaBwXZVKL5z2vC3Z,0.792,0.93,1.0,-6.32,1.0,0.0693,0.115,0.0,0.292,0.812,105.505,261027.0,4.0,39.73957,13.0,1.0,2001,"Lights,_Camera,_Action!_by_Mr._Cheeks"
2002-12-14,Always,Saliva,51,20,"['alternative metal', 'alternative rock', 'nu metal', 'rap metal']",Always,spotify:track:7kpa6MWRrPaF3b6C0DgioK,0.363,0.906,1.0,-4.415,1.0,0.0615,0.0122,0.0,0.172,0.371,181.964,231200.0,4.0,54.83739,9.0,1.0,2002,Always_by_Saliva
2007-10-06,Do It Well,Jennifer Lopez,31,10,"['contemporary r&b', 'dance', 'dance-pop', 'electro house', 'electronic', 'latin', 'latin pop', 'pop', 'pop and chart', 'pop rap', 'reggaeton']",Do It Well,spotify:track:2dOcfwJpfgGLcB4vPi8YXf,0.763,0.81,5.0,-5.118,0.0,0.0861,0.0311,0.0,0.316,0.437,108.004,185933.0,4.0,22.41699,9.0,1.0,2007,Do_It_Well_by_Jennifer_Lopez
2010-03-20,Ridin' Solo,Jason Derulo,9,28,"['contemporary r&b', 'dance', 'dance-pop', 'electropop', 'english', 'pop', 'r&b', 'rock']",Ridin' Solo,spotify:track:6BaxqcoEM9r3LXisTyJjST,0.442,0.83,9.0,-4.02,1.0,0.146,0.128,0.0,0.129,0.578,89.338,215747.0,4.0,23.55109,10.0,1.0,2010,Ridin'_Solo_by_Jason_Derulo
2012-12-29,Guap,Big Sean,71,12,"['hip hop', 'pop rap']",Guap,spotify:track:1wcWdMlLjzp7Rx25JJN7c4,0.65,0.741,1.0,-5.842,1.0,0.184,0.322,0.0,0.422,0.575,146.175,271760.0,4.0,28.83224,12.0,1.0,2012,Guap_by_Big_Sean
2003-08-16,Baby Boy,Beyonce Featuring Sean Paul,1,29,"['alternative r&b', 'art pop', 'contemporary pop', 'contemporary r&b', 'country', 'dance-pop', 'electropop', 'funk', 'grammy winner', 'hard rock', 'hip hop rnb and dance hall', 'mbs-333', 'moombahton', 'pop', 'pop rap', 'r&b', 'rnb', 'soul']",Baby Boy,spotify:track:4WY3HyGXsWqjFRCVD6gnTe,0.655,0.488,1.0,-9.17,1.0,0.22,0.0825,1.16e-06,0.221,0.791,91.025,244827.0,4.0,30.18238,12.0,1.0,2003,Baby_Boy_by_Beyonce_Featuring_Sean_Paul
2013-03-02,Just Give Me A Reason,P!nk Featuring Nate Ruess,1,36,['indie pop'],Just Give Me A Reason,spotify:track:1mKXFLRA179hdOWQBwUk9e,0.778,0.547,2.0,-7.273,1.0,0.0489,0.346,0.000302,0.132,0.441,95.002,242733.0,4.0,30.15866,10.0,1.0,2013,Just_Give_Me_A_Reason_by_P!nk_Featuring_Nate_Ruess
2016-04-16,Digits,Young Thug,93,1,"['english', 'hip hop', 'rap', 'relic inn', 'trap']",Digits,spotify:track:4cg1yakyRSIOjxKM2I7J1q,0.769,0.632,10.0,-4.228,0.0,0.0537,0.0325,0.0,0.116,0.294,131.932,176387.0,4.0,31.21991,10.0,1.0,2016,Digits_by_Young_Thug
2011-07-16,Here For A Good Time,George Strait,46,20,"['2008 universal fire victim', 'country', 'neo-traditionalist country']",Here For A Good Time,spotify:track:11OFYsUK9EVJsQ6nutH32M,0.596,0.768,6.0,-6.753,1.0,0.0369,0.0858,6.23e-06,0.116,0.532,127.93,180267.0,4.0,24.11074,9.0,1.0,2011,Here_For_A_Good_Time_by_George_Strait
2013-06-08,Work,A$AP Ferg,100,2,['hip hop'],Unknown,Unknown,Unknown,Unknown,Unknown,Unknown,Unknown,Unknown,Unknown,Unknown,Unknown,Unknown,Unknown,Unknown,Unknown,Unknown,Unknown,Unknown,2013,Work_by_A$AP_Ferg
2000-12-16,Could It Be,Jaheim,26,20,['hip hop rnb and dance hall'],Could It Be,spotify:track:1eDmhyYxYa8VG360HVPzUh,0.655,0.553,9.0,-6.854,0.0,0.0891,0.0636,1.73e-05,0.126,0.531,70.033,224667.0,4.0,23.93606,7.0,1.0,2000,Could_It_Be_by_Jaheim
2015-01-17,Take It On Back,Chase Bryant,82,8,Unknown,Take It On Back,spotify:track:19OKWQPIupVomZOgBHvhV3,0.558,0.814,2.0,-5.378,1.0,0.0645,0.0129,0.0,0.0666,0.672,157.959,246613.0,4.0,21.97425,12.0,1.0,2015,Take_It_On_Back_by_Chase_Bryant
2021-06-19,Lost Cause,Billie Eilish,27,4,"['alternative pop', 'bedroom pop', 'dark pop', 'electronic', 'electronica', 'electropop', 'englisch', 'english', 'indietronica', 'los angeles', 'pity pop', 'pop', 'trap', 'usa']",Unknown,Unknown,Unknown,Unknown,Unknown,Unknown,Unknown,Unknown,Unknown,Unknown,Unknown,Unknown,Unknown,Unknown,Unknown,Unknown,Unknown,Unknown,2021,Lost_Cause_by_Billie_Eilish
2014-04-12,Empire,Shakira,58,12,"['alternative', 'atlantico', 'barranquilla', 'classic pop and rock', 'colombian', 'dance-pop', 'electropop', 'latin', 'latin pop', 'merengue', 'pop', 'pop rock', 'rock']",Empire,spotify:track:1eIk4CkooTRycHSDfaShLC,0.541,0.628,0.0,-4.682,0.0,0.0603,0.733,0.0,0.056,0.364,80.027,239333.0,4.0,29.09882,9.0,1.0,2014,Empire_by_Shakira
2009-01-31,My Life Would Suck Without You,Kelly Clarkson,1,24,"['a filk artist', 'american idol', 'dance-pop', 'electropop', 'fixme label mess', 'music for soccer moms', 'pop', 'pop and chart', 'pop rock', 'rock', 'teen pop']",My Life Would Suck Without You,spotify:track:4Dm32oO01YpIubCHaAtKkN,0.526,0.882,9.0,-4.006,1.0,0.0509,0.0014,0.0,0.144,0.424,144.982,211493.0,4.0,41.97422,9.0,1.0,2009,My_Life_Would_Suck_Without_You_by_Kelly_Clarkson
2014-07-26,Cool Kids,Echosmith,13,23,"['indie pop', 'pop rock']",Cool Kids,spotify:track:13P5rwmk2EsoFRIz9UCeh9,0.719,0.671,8.0,-6.279,1.0,0.0336,0.0372,8.21e-06,0.12,0.786,130.027,237627.0,4.0,19.57914,11.0,1.0,2014,Cool_Kids_by_Echosmith
2015-12-26,Sorry,Rick Ross Featuring Chris Brown,97,1,"['english', 'gangsta rap', 'hardcore hip hop', 'hip hop', 'hip hop rnb and dance hall', 'luxury rap', 'pop rap', 'rap', 'relic inn', 'southern hip hop', 'trap rap']",Sorry,spotify:track:2KmCMQ2EuJs4d2QK9f5yRL,0.494,0.798,5.0,-4.329,0.0,0.113,0.0183,0.0,0.118,0.4,191.587,265347.0,4.0,34.3226,12.0,1.0,2015,Sorry_by_Rick_Ross_Featuring_Chris_Brown
2017-07-29,Kill Jay Z,JAY-Z,55,1,"['boom bap', 'east coast hip hop', 'grammy winner', 'hardcore hip hop', 'hip hop', 'hip hop rnb and dance hall', 'hip-hop', 'hiphop', 'luxury rap', 'mashup', 'new york hip hop', 'pop', 'pop rap', 'rap', 'rapper', 'relic inn', 'united states', 'us']",Unknown,Unknown,Unknown,Unknown,Unknown,Unknown,Unknown,Unknown,Unknown,Unknown,Unknown,Unknown,Unknown,Unknown,Unknown,Unknown,Unknown,Unknown,2017,Kill_Jay_Z_by_JAY-Z
2010-10-23,Runaway,Kanye West Featuring Pusha T,12,13,"['american', 'electropop', 'english', 'experimental hip hop', 'grammy winner', 'hardcore hip hop', 'hip hop', 'hip hop rnb and dance hall', 'hip-hop', 'luxury rap', 'pop', 'pop rap', 'producer', 'rap', 'rapper', 'relic inn', 'synthpop', 'us']",Runaway,spotify:track:3DK6m7It6Pw857FcQftMds,0.571,0.568,1.0,-3.827,0.0,0.0703,0.218,0.0021,0.512,0.109,86.986,547733.0,4.0,39.40648,17.0,1.0,2010,Runaway_by_Kanye_West_Featuring_Pusha_T
2005-12-31,Yo (Excuse Me Miss),Chris Brown,7,21,"['_blacklist', 'abuser', 'american', 'anti vax', 'contemporary r&b', 'dance', 'dance-pop', 'electro house', 'electropop', 'hip hop', 'hip hop rnb and dance hall', 'hip-hop', 'misogynist', 'pop', 'pop rap', 'r&b', 'relic inn', 'rnb', 'wifebeater', ""ya man ain't me (produced by the.mp3""]",Yo (Excuse Me Miss),spotify:track:7DFnq8FYhHMCylykf6ZCxA,0.536,0.612,4.0,-5.847,1.0,0.272,0.119,0.0,0.209,0.57,86.768,229040.0,4.0,41.29358,11.0,1.0,2005,Yo_(Excuse_Me_Miss)_by_Chris_Brown
2014-05-31,One,Ed Sheeran,87,1,"['dance-pop', 'ed sheeran does not make sillyname tracks ಠ_ಠ', 'folk', 'folk pop', 'gradually watermelon', 'guitarist', 'music for soccer moms', 'pop', 'pop rap', 'pop soul', 'rapper', 'singer', 'singer-songwriter', 'singer/songwriter', 'uk']",Unknown,Unknown,Unknown,Unknown,Unknown,Unknown,Unknown,Unknown,Unknown,Unknown,Unknown,Unknown,Unknown,Unknown,Unknown,Unknown,Unknown,Unknown,2014,One_by_Ed_Sheeran
2018-04-21,Nice For What,Drake,1,25,"['alternative r&b', 'contemporary r&b', 'cotm candidate', 'hardcore hip', 'hip hop', 'lesbian', 'luxury rap', 'pop rap', 'r&b', 'rap', 'rap us', 'rapper', 'relic inn', 'trap', 'trap rap']",Nice For What,spotify:track:3CA9pLiwRIGtUBiMjbZmRw,0.586,0.909,8.0,-6.474,1.0,0.0705,0.0891,0.000109,0.119,0.757,93.394,210747.0,4.0,35.02261,12.0,1.0,2018,Nice_For_What_by_Drake
2015-08-08,She's Kinda Hot,5 Seconds Of Summer,22,9,"['boy band', 'pop', 'pop punk', 'pop rock', 'power pop', 'teen pop']",She's Kinda Hot,spotify:track:5fsQSDifYpjfbCqvZKPVBj,0.664,0.908,4.0,-4.806,1.0,0.0317,0.00182,0.0,0.109,0.889,118.031,216454.0,4.0,53.52739,8.0,1.0,2015,She's_Kinda_Hot_by_5_Seconds_Of_Summer
2011-10-01,Paradise,Coldplay,15,32,"['alternative rock', 'ambient pop', 'britannique', 'british', 'britpop', 'chapel', 'english', 'parlophone', 'piano pop', 'piano rock', 'pop', 'pop rock', 'pop/rock', 'post-britpop', 'rock', 'rock and indie', 'uk']",Paradise,spotify:track:6nek1Nin9q48AVZcWs9e9D,0.449,0.585,5.0,-6.762,1.0,0.0268,0.0522,8.49e-05,0.0833,0.203,139.627,278719.0,4.0,34.79485,13.0,1.0,2011,Paradise_by_Coldplay
2020-04-18,Here And Now,Kenny Chesney,38,15,"['contemporary country', 'country', 'country pop', 'singer/songwriter']",Unknown,Unknown,Unknown,Unknown,Unknown,Unknown,Unknown,Unknown,Unknown,Unknown,Unknown,Unknown,Unknown,Unknown,Unknown,Unknown,Unknown,Unknown,2020,Here_And_Now_by_Kenny_Chesney
2005-05-28,How To Deal,Frankie J,39,19,"['latin', 'latin pop', 'pop', 'r&b', 'sort me out', 'soul']",How To Deal,spotify:track:05wbsMDvcaD56O4SnESOaJ,0.749,0.495,2.0,-8.456,1.0,0.0332,0.0584,0.0,0.201,0.645,126.12,230507.0,4.0,31.60271,10.0,1.0,2005,How_To_Deal_by_Frankie_J
2000-03-04,Get Up,Amel Larrieux,97,3,"['dance and electronica', 'neo soul', 'soul']",Unknown,Unknown,Unknown,Unknown,Unknown,Unknown,Unknown,Unknown,Unknown,Unknown,Unknown,Unknown,Unknown,Unknown,Unknown,Unknown,Unknown,Unknown,2000,Get_Up_by_Amel_Larrieux
2008-11-08,Can I Have This Dance,Zac Efron & Vanessa Hudgens,98,2,Unknown,Unknown,Unknown,Unknown,Unknown,Unknown,Unknown,Unknown,Unknown,Unknown,Unknown,Unknown,Unknown,Unknown,Unknown,Unknown,Unknown,Unknown,Unknown,2008,Can_I_Have_This_Dance_by_Zac_Efron_&_Vanessa_Hudgens
