_date,_song,_artist,_peak-rank,_weeks-on-board,_genres,_track,_uri,_danceability,_energy,_key,_loudness,_mode,_speechiness,_acousticness,_instrumentalness,_liveness,_valence,_tempo,_duration_ms,_time_signature,_chorus_hit,_sections,_target,year,id,keywords
2007-05-05,When You're Gone,Avril Lavigne,24,20,"['743219675026', 'alternative rock', 'bubblegum punk', 'dance-pop', 'electropop', 'indie rock', 'mall punk', 'pop', 'pop and chart', 'pop punk', 'pop rock', 'pop/rock', 'post-grunge', 'punk', 'punk rock', 'rock', 'soft rock', 'teen pop', 'teen punk']",When You're Gone,spotify:track:54JKnDB3CzVu8wNAOM27BI,0.458,0.719,4.0,-3.921,0.0,0.0323,0.189,0.0,0.228,0.168,142.032,240493.0,4.0,41.56714,8.0,1.0,2007,When_You're_Gone_by_Avril_Lavigne,"743219675026, alternative rock, bubblegum punk, dance-pop, electropop, indie rock, mall punk, pop, pop and chart, pop punk, pop rock, pop/rock, post-grunge, punk, punk rock, rock, soft rock, teen pop, teen punk"
2006-02-25,Animals,Nickelback,97,3,"['alternative rock', 'canadian', 'death metal', 'electropop', 'funk rock', 'hard rock', 'music_for_people_who_dislike_music', 'pop and chart', 'pop rock', 'post-grunge', 'rock']",Unknown,Unknown,Unknown,Unknown,Unknown,Unknown,Unknown,Unknown,Unknown,Unknown,Unknown,Unknown,Unknown,Unknown,Unknown,Unknown,Unknown,Unknown,2006,Animals_by_Nickelback,"alternative rock, canadian, death metal, electropop, funk rock, hard rock, music_for_people_who_dislike_music, pop and chart, pop rock, post-grunge, rock"
2019-04-20,Big Ole Freak,Megan Thee Stallion,65,12,"['english', 'hip hop', 'rap']",Big Ole Freak,spotify:track:3YEbLhXRDPTtctnb3ddg8g,0.799,0.699,2.0,-7.694,1.0,0.204,0.00867,0.0,0.132,0.627,142.979,214851.0,4.0,54.57579,11.0,1.0,2019,Big_Ole_Freak_by_Megan_Thee_Stallion,"english, hip hop, rap"
2010-03-20,Ain't Back Yet,Kenny Chesney,50,13,"['contemporary country', 'country', 'country pop', 'singer/songwriter']",Ain't Back Yet,spotify:track:5jjoS9t9LgIsSGbVrtoKR7,0.602,0.944,10.0,-4.238,1.0,0.0427,0.0308,0.00256,0.436,0.797,106.958,239813.0,4.0,18.21328,10.0,1.0,2010,Ain't_Back_Yet_by_Kenny_Chesney,"contemporary country, country, country pop, singer/songwriter"
2019-07-13,Higher Love,Kygo X Whitney Houston,63,9,"['adult contemporary', 'contemporary r&b', 'dance-pop', 'death by drowning', 'new jack swing', 'o happy day', 'pop', 'pop soul', 'r&b', 'soul', 'soul and reggae']",Higher Love,spotify:track:6oJ6le65B3SEqPwMRNXWjY,0.693,0.678,8.0,-7.159,1.0,0.0324,0.0154,6.05e-06,0.101,0.404,103.952,228267.0,4.0,27.33844,11.0,1.0,2019,Higher_Love_by_Kygo_X_Whitney_Houston,"adult contemporary, contemporary r&b, dance-pop, death by drowning, new jack swing, o happy day, pop, pop soul, r&b, soul, soul and reggae"
2019-10-26,Rich As Hell,YoungBoy Never Broke Again,79,2,['hip hop'],Rich As Hell,spotify:track:5A6tFAdihqILHJrWuR6wD4,0.874,0.647,1.0,-5.256,1.0,0.441,0.0382,0.0,0.215,0.228,154.04,215327.0,4.0,112.22588,7.0,1.0,2019,Rich_As_Hell_by_YoungBoy_Never_Broke_Again,hip hop
2015-08-01,Kings Never Die,Eminem Featuring Gwen Stefani,80,2,"['2008 universal fire victim', 'american', 'contemporary r&b', 'dance-pop', 'electropop', 'new wave', 'no doubt', 'pop', 'pop and chart', 'pop rap', 'pop rock', 'rnb', 'rock', 'ska punk', 'united states']",Unknown,Unknown,Unknown,Unknown,Unknown,Unknown,Unknown,Unknown,Unknown,Unknown,Unknown,Unknown,Unknown,Unknown,Unknown,Unknown,Unknown,Unknown,2015,Kings_Never_Die_by_Eminem_Featuring_Gwen_Stefani,"2008 universal fire victim, american, contemporary r&b, dance-pop, electropop, new wave, no doubt, pop, pop and chart, pop rap, pop rock, rnb, rock, ska punk, united states"
2003-11-15,Salt Shaker,Ying Yang Twins Featuring Lil Jon & The East Side Boyz,9,26,"['hip hop', 'hip hop rnb and dance hall']",Salt Shaker,spotify:track:4Kd0FzFpOgIGxlBl4HXuFn,0.884,0.697,11.0,-6.022,1.0,0.128,0.0509,0.0,0.094,0.322,101.965,252440.0,4.0,23.08264,12.0,1.0,2003,Salt_Shaker_by_Ying_Yang_Twins_Featuring_Lil_Jon_&_The_East_Side_Boyz,"hip hop, hip hop rnb and dance hall"
2008-07-26,Learning How To Bend,Gary Allan,96,4,"['2008 universal fire victim', 'contemporary country', 'country', 'country rock']",Unknown,Unknown,Unknown,Unknown,Unknown,Unknown,Unknown,Unknown,Unknown,Unknown,Unknown,Unknown,Unknown,Unknown,Unknown,Unknown,Unknown,Unknown,2008,Learning_How_To_Bend_by_Gary_Allan,"2008 universal fire victim, contemporary country, country, country rock"
2009-03-14,If This Isn't Love,Jennifer Hudson,63,13,"['american idol', 'english', 'pop', 'r&b', 'soul']",If This Isn't Love,spotify:track:0o6IWuQ9Uxt69jKdVZ1eg2,0.567,0.777,4.0,-3.447,1.0,0.0448,0.209,0.0,0.106,0.403,129.86,216387.0,4.0,19.35169,12.0,1.0,2009,If_This_Isn't_Love_by_Jennifer_Hudson,"american idol, english, pop, r&b, soul"
2018-01-06,Black & Chinese,Huncho Jack,71,1,Unknown,Unknown,Unknown,Unknown,Unknown,Unknown,Unknown,Unknown,Unknown,Unknown,Unknown,Unknown,Unknown,Unknown,Unknown,Unknown,Unknown,Unknown,Unknown,2018,Black_&_Chinese_by_Huncho_Jack,Unknown
2018-10-13,Let It Fly,Lil Wayne Featuring Travis Scott,10,2,"['as jailed', 'chopped and screwed', 'contemporary r&b', 'criminal', 'gangsta rap', 'hip hop', 'hip hop rnb and dance hall', 'lil wayne', 'pop rap', 'r&b', 'rap', 'rap rock', 'relic inn', 'southern hip hop', 'trap']",Unknown,Unknown,Unknown,Unknown,Unknown,Unknown,Unknown,Unknown,Unknown,Unknown,Unknown,Unknown,Unknown,Unknown,Unknown,Unknown,Unknown,Unknown,2018,Let_It_Fly_by_Lil_Wayne_Featuring_Travis_Scott,"as jailed, chopped and screwed, contemporary r&b, criminal, gangsta rap, hip hop, hip hop rnb and dance hall, lil wayne, pop rap, r&b, rap, rap rock, relic inn, southern hip hop, trap"
2020-05-23,Gooba,6ix9ine,3,10,"['hip hop', 'rap']",Unknown,Unknown,Unknown,Unknown,Unknown,Unknown,Unknown,Unknown,Unknown,Unknown,Unknown,Unknown,Unknown,Unknown,Unknown,Unknown,Unknown,Unknown,2020,Gooba_by_6ix9ine,"hip hop, rap"
2021-02-20,Time Today,Moneybagg Yo,31,20,Unknown,Unknown,Unknown,Unknown,Unknown,Unknown,Unknown,Unknown,Unknown,Unknown,Unknown,Unknown,Unknown,Unknown,Unknown,Unknown,Unknown,Unknown,Unknown,2021,Time_Today_by_Moneybagg_Yo,Unknown
2006-08-26,When You Were Young,The Killers,14,20,"['alternative', 'alternative rock', 'american', 'américain', 'heartland rock', 'indie', 'indie rock', 'las vegas', 'new wave', 'pop', 'pop rock', 'post-punk revival', 'rock', 'rock and indie', 'synthpop', 'united states', 'usa']",When You Were Young,spotify:track:70wYA8oYHoMzhRRkARoMhU,0.467,0.988,11.0,-3.313,1.0,0.112,0.000152,0.0484,0.28,0.321,130.435,220427.0,4.0,20.0094,7.0,1.0,2006,When_You_Were_Young_by_The_Killers,"alternative, alternative rock, american, américain, heartland rock, indie, indie rock, las vegas, new wave, pop, pop rock, post-punk revival, rock, rock and indie, synthpop, united states, usa"
2015-05-02,Sangria,Blake Shelton,38,20,"['american', 'bro-country', 'contemporary country', 'country', 'country pop']",Sangria,spotify:track:0p1HtkrNYxv0iDfEKwXSTp,0.646,0.724,9.0,-6.96,1.0,0.0265,0.017,1.39e-06,0.153,0.54,115.984,233480.0,4.0,50.02219,14.0,1.0,2015,Sangria_by_Blake_Shelton,"american, bro-country, contemporary country, country, country pop"
2005-08-27,Run It!,Chris Brown,1,38,"['_blacklist', 'abuser', 'american', 'anti vax', 'contemporary r&b', 'dance', 'dance-pop', 'electro house', 'electropop', 'hip hop', 'hip hop rnb and dance hall', 'hip-hop', 'misogynist', 'pop', 'pop rap', 'r&b', 'relic inn', 'rnb', 'wifebeater', ""ya man ain't me (produced by the.mp3""]",Run It!,spotify:track:7xYnUQigPoIDAMPVK79NEq,0.846,0.482,1.0,-6.721,0.0,0.129,0.0246,0.0,0.393,0.212,100.969,229867.0,4.0,90.86203,9.0,1.0,2005,Run_It!_by_Chris_Brown,"_blacklist, abuser, american, anti vax, contemporary r&b, dance, dance-pop, electro house, electropop, hip hop, hip hop rnb and dance hall, hip-hop, misogynist, pop, pop rap, r&b, relic inn, rnb, wifebeater, ""ya man aint me (produced by the.mp3"""
2017-12-02,Betrayed,Lil Xan,64,20,Unknown,Betrayed,spotify:track:4vaxvNDaLSoD36iZX515ug,0.821,0.434,10.0,-9.194,0.0,0.118,0.434,0.0,0.128,0.241,120.012,187173.0,4.0,26.81192,9.0,1.0,2017,Betrayed_by_Lil_Xan,Unknown
2014-07-19,Break Free,Ariana Grande Featuring Zedd,4,22,"['ag4', 'contemporary r&b', 'dance-pop', 'electro house', 'electropop', 'english', 'female vocals', 'pop', 'r&b']",Break Free,spotify:track:1LD1TFK08cFUBPmhi3FRAA,0.626,0.769,3.0,-3.512,1.0,0.0513,0.00926,0.00097,0.95,0.255,130.044,151583.0,4.0,38.61918,10.0,1.0,2014,Break_Free_by_Ariana_Grande_Featuring_Zedd,"ag4, contemporary r&b, dance-pop, electro house, electropop, english, female vocals, pop, r&b"
2002-10-05,Who's Your Daddy?,Toby Keith,22,20,"['2008 universal fire victim', 'contemporary country', 'country', 'country pop', 'pop', 'rock']",Who's Your Daddy?,spotify:track:0x7Yp9FYMcTH9u1hxxnh4e,0.684,0.872,9.0,-4.307,1.0,0.0402,0.283,0.0289,0.049,0.849,126.381,238013.0,4.0,50.87424,9.0,1.0,2002,Who's_Your_Daddy?_by_Toby_Keith,"2008 universal fire victim, contemporary country, country, country pop, pop, rock"
2012-07-07,One More Night,Maroon 5,1,42,"['adult contemporary', 'automod ng', 'dance', 'dance-pop', 'electropop', 'fixme label mess', 'funk rock', 'music for soccer moms', 'pop', 'pop rock', 'pop/rock', 'rock', 'rock and indie', 'slow pop']",One More Night,spotify:track:4XNrMwGx1SqP01sqkGTDmo,0.718,0.82,5.0,-3.453,0.0,0.0323,0.0444,0.0,0.0846,0.613,92.998,219467.0,4.0,28.00648,9.0,1.0,2012,One_More_Night_by_Maroon_5,"adult contemporary, automod ng, dance, dance-pop, electropop, fixme label mess, funk rock, music for soccer moms, pop, pop rock, pop/rock, rock, rock and indie, slow pop"
2013-03-09,Hey Porsche,Nelly,42,4,"['contemporary r&b', 'hip hop', 'hip hop rnb and dance hall', 'hip-hop', 'pop rap', 'rap', 'rnb', 'southern hip hop']",Hey Porsche,spotify:track:6QoxM9xgqazNPGF026CjpS,0.729,0.793,9.0,-4.716,1.0,0.0293,0.151,0.0,0.651,0.945,115.988,209147.0,4.0,21.47027,11.0,1.0,2013,Hey_Porsche_by_Nelly,"contemporary r&b, hip hop, hip hop rnb and dance hall, hip-hop, pop rap, rap, rnb, southern hip hop"
2014-08-30,Hookah,Tyga Featuring Young Thug,85,11,"['hip hop', 'pop rap', 'rap', 'rap us']",Hookah,spotify:track:3qQ6WFhcAx6LOH1UHz1c0U,0.678,0.484,1.0,-6.647,0.0,0.43,0.735,0.0,0.117,0.219,190.04,202320.0,4.0,40.78937,13.0,1.0,2014,Hookah_by_Tyga_Featuring_Young_Thug,"hip hop, pop rap, rap, rap us"
2002-10-05,These Days,Rascal Flatts,23,20,"['classic pop and rock', 'contemporary country', 'country', 'country pop', 'modern country']",These Days,spotify:track:5nWgEBtaRwVrCMjer1RtLm,0.587,0.778,7.0,-4.233,1.0,0.0343,0.31,0.0,0.318,0.319,81.943,254493.0,4.0,41.90845,11.0,1.0,2002,These_Days_by_Rascal_Flatts,"classic pop and rock, contemporary country, country, country pop, modern country"
2003-10-18,Waiting For You,Seal,89,8,"['adult contemporary', 'baroque pop', 'british', 'dance-pop', 'downtempo', 'english', 'multiple ipi', 'pop', 'pop and chart', 'pop rock', 'pop soul', 'r b', 'r&b', 'rnb', 'soul', 'uk']",Waiting For You,spotify:track:5O1PysbsHILCIZDHQscUWn,0.635,0.656,5.0,-5.04,0.0,0.0403,0.042,0.0,0.115,0.579,99.049,223493.0,4.0,20.57985,11.0,1.0,2003,Waiting_For_You_by_Seal,"adult contemporary, baroque pop, british, dance-pop, downtempo, english, multiple ipi, pop, pop and chart, pop rock, pop soul, r b, r&b, rnb, soul, uk"
2005-12-03,My Old Friend,Tim McGraw,79,13,"['adult contemporary', 'contemporary country', 'country', 'country pop', 'neo-traditionalist country']",My Old Friend,spotify:track:2AbgjLSmW8l5XaaR4nQE3w,0.463,0.819,4.0,-7.662,1.0,0.0357,0.212,0.000268,0.0599,0.591,183.998,217067.0,4.0,38.32547,8.0,1.0,2005,My_Old_Friend_by_Tim_McGraw,"adult contemporary, contemporary country, country, country pop, neo-traditionalist country"
2003-10-04,Cowboys Like Us,George Strait,38,19,"['2008 universal fire victim', 'country', 'neo-traditionalist country']",Cowboys Like Us,spotify:track:1J02p0AlYptTfos2M3hLW6,0.462,0.549,0.0,-6.224,1.0,0.0308,0.225,0.0,0.148,0.261,127.98,219160.0,3.0,49.93105,7.0,1.0,2003,Cowboys_Like_Us_by_George_Strait,"2008 universal fire victim, country, neo-traditionalist country"
2012-12-22,Neva End,Future,52,20,"['contemporary r&b', 'englisch', 'english', 'hip hop', 'rap', 'relic inn', 'trap', 'trap rap', 'usa']",Neva End,spotify:track:4sX8e5VkqBWA7IIooImSsS,0.59,0.561,2.0,-7.613,1.0,0.058,0.00911,0.0,0.0981,0.15,134.936,262307.0,4.0,56.39071,12.0,1.0,2012,Neva_End_by_Future,"contemporary r&b, englisch, english, hip hop, rap, relic inn, trap, trap rap, usa"
2011-12-10,Where Have You Been,Rihanna,5,26,"['barbade', 'barbadian', 'barbadien', 'barbados', 'contemporary r b', 'contemporary r&b', 'dance', 'dance-pop', 'dancehall', 'electro house', 'electropop', 'hip hop', 'pop', 'pop and chart', 'pop soul', 'r&b', 'reggae', 'rehab', 'rihanna', 'rnb']",Where Have You Been,spotify:track:5WQQIDU3HRaMyPkob8mpFb,0.719,0.847,0.0,-6.34,0.0,0.0916,0.00201,0.0204,0.221,0.444,127.963,242680.0,4.0,22.46763,14.0,1.0,2011,Where_Have_You_Been_by_Rihanna,"barbade, barbadian, barbadien, barbados, contemporary r b, contemporary r&b, dance, dance-pop, dancehall, electro house, electropop, hip hop, pop, pop and chart, pop soul, r&b, reggae, rehab, rihanna, rnb"
2003-07-12,Real Good Man,Tim McGraw,27,20,"['adult contemporary', 'contemporary country', 'country', 'country pop', 'neo-traditionalist country']",Real Good Man,spotify:track:4ns2xaym21aBOOUN1vaBPJ,0.56,0.827,2.0,-5.393,1.0,0.0266,0.00986,1.13e-05,0.328,0.639,89.93,254600.0,4.0,51.95412,10.0,1.0,2003,Real_Good_Man_by_Tim_McGraw,"adult contemporary, contemporary country, country, country pop, neo-traditionalist country"
2000-04-01,Where You Are,Jessica Simpson Featuring Nick Lachey,62,6,"['pop', 'soul']",Unknown,Unknown,Unknown,Unknown,Unknown,Unknown,Unknown,Unknown,Unknown,Unknown,Unknown,Unknown,Unknown,Unknown,Unknown,Unknown,Unknown,Unknown,2000,Where_You_Are_by_Jessica_Simpson_Featuring_Nick_Lachey,"pop, soul"
2010-03-27,Driving Me Crazy,Sam Adams,90,1,Unknown,Unknown,Unknown,Unknown,Unknown,Unknown,Unknown,Unknown,Unknown,Unknown,Unknown,Unknown,Unknown,Unknown,Unknown,Unknown,Unknown,Unknown,Unknown,2010,Driving_Me_Crazy_by_Sam_Adams,Unknown
2006-04-15,Speak,Godsmack,85,3,"['acoustic rock', 'alternative metal', 'alternative rock', 'hard rock', 'metal', 'nu metal', 'post-grunge']",Speak,spotify:track:6RfDLynqmspMOKA57mXyQI,0.401,0.9,7.0,-6.474,1.0,0.0415,2.32e-06,0.000925,0.0369,0.521,97.99,235933.0,4.0,35.69569,8.0,1.0,2006,Speak_by_Godsmack,"acoustic rock, alternative metal, alternative rock, hard rock, metal, nu metal, post-grunge"
2017-10-28,Dear Hate,Maren Morris Featuring Vince Gill,91,1,"['adult contemporary', 'bluegrass', 'christmas music', 'contemporary country', 'country', 'country pop', 'grammy winner', 'look at us', 'session']",Dear Hate,spotify:track:7zOoHxDt1duHL8czY7o7ab,0.526,0.412,9.0,-9.292,1.0,0.0385,0.804,0.0,0.117,0.289,79.732,220387.0,4.0,66.78981,10.0,1.0,2017,Dear_Hate_by_Maren_Morris_Featuring_Vince_Gill,"adult contemporary, bluegrass, christmas music, contemporary country, country, country pop, grammy winner, look at us, session"
2017-04-08,Nothings Into Somethings,Drake,61,2,"['alternative r&b', 'contemporary r&b', 'cotm candidate', 'hardcore hip', 'hip hop', 'lesbian', 'luxury rap', 'pop rap', 'r&b', 'rap', 'rap us', 'rapper', 'relic inn', 'trap', 'trap rap']",Nothings Into Somethings,spotify:track:6MbH1QiphMCPTqVEVC7UYi,0.766,0.234,11.0,-7.544,0.0,0.159,0.332,0.00156,0.358,0.256,96.882,153725.0,4.0,26.09984,7.0,1.0,2017,Nothings_Into_Somethings_by_Drake,"alternative r&b, contemporary r&b, cotm candidate, hardcore hip, hip hop, lesbian, luxury rap, pop rap, r&b, rap, rap us, rapper, relic inn, trap, trap rap"
2020-10-17,No Opp Left Behind,21 Savage & Metro Boomin,71,1,['hip hop'],Unknown,Unknown,Unknown,Unknown,Unknown,Unknown,Unknown,Unknown,Unknown,Unknown,Unknown,Unknown,Unknown,Unknown,Unknown,Unknown,Unknown,Unknown,2020,No_Opp_Left_Behind_by_21_Savage_&_Metro_Boomin,hip hop
2017-12-02,Wanted You,NAV Featuring Lil Uzi Vert,64,7,['hip hop'],Wanted You,spotify:track:1Faq8G2y56A8fRv7HsLq25,0.797,0.731,9.0,-4.443,0.0,0.0479,0.229,0.0,0.224,0.623,146.93,228387.0,4.0,29.00325,12.0,1.0,2017,Wanted_You_by_NAV_Featuring_Lil_Uzi_Vert,hip hop
2001-05-05,Hit 'Em Up Style (Oops!),Blu Cantrell,2,34,"['rnb', 'soul']",Hit 'Em Up Style (Oops!),spotify:track:4zYTZvtcww7OWKie7fxA9E,0.7,0.774,5.0,-4.983,0.0,0.0466,0.2,0.0,0.404,0.652,90.0,250707.0,4.0,55.55626,9.0,1.0,2001,Hit_'Em_Up_Style_(Oops!)_by_Blu_Cantrell,"rnb, soul"
2014-12-20,Royals,Taylor John Williams,100,1,Unknown,Unknown,Unknown,Unknown,Unknown,Unknown,Unknown,Unknown,Unknown,Unknown,Unknown,Unknown,Unknown,Unknown,Unknown,Unknown,Unknown,Unknown,Unknown,2014,Royals_by_Taylor_John_Williams,Unknown
2015-07-18,My Way,Fetty Wap Featuring Monty,7,22,"['contemporary r&b', 'hip hop', 'pop rap', 'trap', 'trap rap']",My Way,spotify:track:1WoOzgvz6CgH4pX6a1RKGp,0.748,0.741,6.0,-3.103,1.0,0.0531,0.00419,0.0,0.147,0.537,128.077,213053.0,4.0,41.8276,7.0,1.0,2015,My_Way_by_Fetty_Wap_Featuring_Monty,"contemporary r&b, hip hop, pop rap, trap, trap rap"
2007-05-19,Lean Like A Cholo,Down A.K.A. Kilo,34,20,Unknown,Unknown,Unknown,Unknown,Unknown,Unknown,Unknown,Unknown,Unknown,Unknown,Unknown,Unknown,Unknown,Unknown,Unknown,Unknown,Unknown,Unknown,Unknown,2007,Lean_Like_A_Cholo_by_Down_A.K.A._Kilo,Unknown
2018-10-20,STOOPID,6ix9ine Featuring Bobby Shmurda,25,9,Unknown,STOOPID,spotify:track:1KWLyoPChJrBQFscO8NW8D,0.724,0.685,3.0,-4.068,0.0,0.321,0.114,0.0,0.1,0.862,150.016,143250.0,4.0,50.46649,8.0,1.0,2018,STOOPID_by_6ix9ine_Featuring_Bobby_Shmurda,Unknown
2021-03-20,Lemon Pepper Freestyle,Drake Featuring Rick Ross,3,5,"['english', 'gangsta rap', 'hardcore hip hop', 'hip hop', 'hip hop rnb and dance hall', 'luxury rap', 'pop rap', 'rap', 'relic inn', 'southern hip hop', 'trap rap']",Unknown,Unknown,Unknown,Unknown,Unknown,Unknown,Unknown,Unknown,Unknown,Unknown,Unknown,Unknown,Unknown,Unknown,Unknown,Unknown,Unknown,Unknown,2021,Lemon_Pepper_Freestyle_by_Drake_Featuring_Rick_Ross,"english, gangsta rap, hardcore hip hop, hip hop, hip hop rnb and dance hall, luxury rap, pop rap, rap, relic inn, southern hip hop, trap rap"
2003-09-06,I Love This Bar,Toby Keith,26,20,"['2008 universal fire victim', 'contemporary country', 'country', 'country pop', 'pop', 'rock']",I Love This Bar,spotify:track:32jHB7W9b08OTorAqR0cJo,0.608,0.825,2.0,-6.303,1.0,0.0419,0.024,0.00656,0.346,0.454,115.049,335333.0,4.0,25.56418,13.0,1.0,2003,I_Love_This_Bar_by_Toby_Keith,"2008 universal fire victim, contemporary country, country, country pop, pop, rock"
2007-02-17,Anyway,Martina McBride,32,16,"['contemporary country', 'country', 'country pop']",Anyway,spotify:track:0AezqhM99T5CS0mrEz3OM3,0.527,0.503,5.0,-6.769,1.0,0.0252,0.0971,1.98e-05,0.107,0.305,137.021,280867.0,4.0,54.82456,11.0,1.0,2007,Anyway_by_Martina_McBride,"contemporary country, country, country pop"
2009-12-26,Don't Rain On My Parade,Glee Cast,53,1,"['bogus artist', 'fixme', 'needs disambiguation/annotation', 'pop']",Don't Rain On My Parade,spotify:track:7emV91bLzV662TpX9Tmxnr,0.483,0.691,4.0,-5.223,1.0,0.0805,0.598,0.0,0.0918,0.597,79.666,165493.0,4.0,27.74611,7.0,1.0,2009,Don't_Rain_On_My_Parade_by_Glee_Cast,"bogus artist, fixme, needs disambiguation/annotation, pop"
2013-09-07,American Girl,Bonnie McKee,87,6,Unknown,American Girl,spotify:track:0vvG0VEN6l2fbIEUtq3mQD,0.66,0.816,0.0,-4.332,0.0,0.0344,0.00976,1.87e-05,0.59,0.66,127.97,224107.0,4.0,23.531,12.0,1.0,2013,American_Girl_by_Bonnie_McKee,Unknown
2002-09-14,Sk8er Boi,Avril Lavigne,10,20,"['743219675026', 'alternative rock', 'bubblegum punk', 'dance-pop', 'electropop', 'indie rock', 'mall punk', 'pop', 'pop and chart', 'pop punk', 'pop rock', 'pop/rock', 'post-grunge', 'punk', 'punk rock', 'rock', 'soft rock', 'teen pop', 'teen punk']",Sk8er Boi,spotify:track:00Mb3DuaIH1kjrwOku9CGU,0.487,0.9,0.0,-4.417,1.0,0.0482,6.79e-05,0.0,0.358,0.484,149.937,204000.0,4.0,39.84521,8.0,1.0,2002,Sk8er_Boi_by_Avril_Lavigne,"743219675026, alternative rock, bubblegum punk, dance-pop, electropop, indie rock, mall punk, pop, pop and chart, pop punk, pop rock, pop/rock, post-grunge, punk, punk rock, rock, soft rock, teen pop, teen punk"
2017-04-22,Conscience,Kodak Black Featuring Future,93,1,['hip hop'],Unknown,Unknown,Unknown,Unknown,Unknown,Unknown,Unknown,Unknown,Unknown,Unknown,Unknown,Unknown,Unknown,Unknown,Unknown,Unknown,Unknown,Unknown,2017,Conscience_by_Kodak_Black_Featuring_Future,hip hop
2021-10-23,Just About Over You,Priscilla Block,81,6,Unknown,Unknown,Unknown,Unknown,Unknown,Unknown,Unknown,Unknown,Unknown,Unknown,Unknown,Unknown,Unknown,Unknown,Unknown,Unknown,Unknown,Unknown,Unknown,2021,Just_About_Over_You_by_Priscilla_Block,Unknown
2013-10-26,Sirens,Pearl Jam,76,1,"['acoustic rock', 'alternative rock', 'american', 'christmas singles', 'grunge', 'hard rock', 'immortality', 'pop rock', 'rock', 'rock and indie', 'seattle', 'twenty', 'usa']",Unknown,Unknown,Unknown,Unknown,Unknown,Unknown,Unknown,Unknown,Unknown,Unknown,Unknown,Unknown,Unknown,Unknown,Unknown,Unknown,Unknown,Unknown,2013,Sirens_by_Pearl_Jam,"acoustic rock, alternative rock, american, christmas singles, grunge, hard rock, immortality, pop rock, rock, rock and indie, seattle, twenty, usa"
2016-04-23,Feedback,Kanye West,99,1,"['american', 'electropop', 'english', 'experimental hip hop', 'grammy winner', 'hardcore hip hop', 'hip hop', 'hip hop rnb and dance hall', 'hip-hop', 'luxury rap', 'pop', 'pop rap', 'producer', 'rap', 'rapper', 'relic inn', 'synthpop', 'us']",Unknown,Unknown,Unknown,Unknown,Unknown,Unknown,Unknown,Unknown,Unknown,Unknown,Unknown,Unknown,Unknown,Unknown,Unknown,Unknown,Unknown,Unknown,2016,Feedback_by_Kanye_West,"american, electropop, english, experimental hip hop, grammy winner, hardcore hip hop, hip hop, hip hop rnb and dance hall, hip-hop, luxury rap, pop, pop rap, producer, rap, rapper, relic inn, synthpop, us"
2001-05-19,My Baby,Lil' Romeo,3,14,Unknown,My Baby,spotify:track:0s9A4pUBLw68E76vY8LU9K,0.82,0.761,1.0,-2.714,1.0,0.219,0.0481,0.0,0.218,0.584,97.423,221000.0,4.0,32.79799,9.0,1.0,2001,My_Baby_by_Lil'_Romeo,Unknown
2010-02-13,Breathless,Taylor Swift,72,1,"['americana', 'contemporary country', 'country', 'country pop', 'country-pop', 'dance-pop', 'electropop', 'female vocals', 'fixme label mess', 'hp', 'icon', 'pop', 'pop rock', 'relic inn', 'singer-songwriter', 'singer/songwriter', 'taylor-swift', 'teen pop', 'top 40']",Unknown,Unknown,Unknown,Unknown,Unknown,Unknown,Unknown,Unknown,Unknown,Unknown,Unknown,Unknown,Unknown,Unknown,Unknown,Unknown,Unknown,Unknown,2010,Breathless_by_Taylor_Swift,"americana, contemporary country, country, country pop, country-pop, dance-pop, electropop, female vocals, fixme label mess, hp, icon, pop, pop rock, relic inn, singer-songwriter, singer/songwriter, taylor-swift, teen pop, top 40"
2010-04-03,Make A Wave,Disney's Friends For Change,84,1,Unknown,Unknown,Unknown,Unknown,Unknown,Unknown,Unknown,Unknown,Unknown,Unknown,Unknown,Unknown,Unknown,Unknown,Unknown,Unknown,Unknown,Unknown,Unknown,2010,Make_A_Wave_by_Disney's_Friends_For_Change,Unknown
2011-04-23,Old Alabama,Brad Paisley Featuring Alabama,38,20,"['contemporary country', 'country', 'country pop', 'country rock']",Old Alabama,spotify:track:3OMpIoONQH8rSscaZLozFQ,0.378,0.903,7.0,-4.538,1.0,0.0533,0.103,0.000285,0.134,0.457,115.616,301800.0,4.0,46.58616,8.0,1.0,2011,Old_Alabama_by_Brad_Paisley_Featuring_Alabama,"contemporary country, country, country pop, country rock"
2015-11-07,Cake By The Ocean,DNCE,9,46,Unknown,Cake By The Ocean,spotify:track:76hfruVvmfQbw0eYn1nmeC,0.774,0.753,4.0,-5.445,0.0,0.0517,0.153,0.0,0.0371,0.896,119.002,219147.0,4.0,24.38145,8.0,1.0,2015,Cake_By_The_Ocean_by_DNCE,Unknown
2013-07-06,One,Usher & Michelle Chamuel,98,1,Unknown,Unknown,Unknown,Unknown,Unknown,Unknown,Unknown,Unknown,Unknown,Unknown,Unknown,Unknown,Unknown,Unknown,Unknown,Unknown,Unknown,Unknown,Unknown,2013,One_by_Usher_&_Michelle_Chamuel,Unknown
2010-11-27,Cannibal,Ke$ha,77,1,"['a filk artist', 'dance', 'dance-pop', 'electropop', 'europop', 'indie pop', 'pop', 'pop rap', 'pop rock', 'singer/songwriter']",Unknown,Unknown,Unknown,Unknown,Unknown,Unknown,Unknown,Unknown,Unknown,Unknown,Unknown,Unknown,Unknown,Unknown,Unknown,Unknown,Unknown,Unknown,2010,Cannibal_by_Ke$ha,"a filk artist, dance, dance-pop, electropop, europop, indie pop, pop, pop rap, pop rock, singer/songwriter"
2008-04-26,Praying For Time,Carrie Underwood,27,2,"['american idol', 'contemporary country', 'country', 'country pop', 'country rock', 'pop', 'pop rock']",Unknown,Unknown,Unknown,Unknown,Unknown,Unknown,Unknown,Unknown,Unknown,Unknown,Unknown,Unknown,Unknown,Unknown,Unknown,Unknown,Unknown,Unknown,2008,Praying_For_Time_by_Carrie_Underwood,"american idol, contemporary country, country, country pop, country rock, pop, pop rock"
2007-03-17,Girlfriend,Avril Lavigne,1,24,"['743219675026', 'alternative rock', 'bubblegum punk', 'dance-pop', 'electropop', 'indie rock', 'mall punk', 'pop', 'pop and chart', 'pop punk', 'pop rock', 'pop/rock', 'post-grunge', 'punk', 'punk rock', 'rock', 'soft rock', 'teen pop', 'teen punk']",Girlfriend,spotify:track:45hOioMDJktr86iKDHC8gr,0.56,0.959,7.0,-2.433,1.0,0.102,0.000738,0.000206,0.209,0.67,163.983,216600.0,4.0,60.95719,10.0,1.0,2007,Girlfriend_by_Avril_Lavigne,"743219675026, alternative rock, bubblegum punk, dance-pop, electropop, indie rock, mall punk, pop, pop and chart, pop punk, pop rock, pop/rock, post-grunge, punk, punk rock, rock, soft rock, teen pop, teen punk"
2003-05-31,Red Dirt Road,Brooks & Dunn,25,20,"['contemporary country', 'country']",Red Dirt Road,spotify:track:3EZzghqykkfOB0Z8d0kTSt,0.555,0.868,5.0,-3.798,1.0,0.0403,0.0664,0.000117,0.116,0.479,136.12,260360.0,4.0,31.97505,14.0,1.0,2003,Red_Dirt_Road_by_Brooks_&_Dunn,"contemporary country, country"
2011-03-12,Set Fire To The Rain,Adele,1,43,"['adele', 'adult alternative pop/rock', 'adult contemporary', 'alternative/indie rock', 'blue eyed soul', 'blue-eyed soul', 'english singer', 'jazz', 'music for soccer moms', 'neo soul', 'pop', 'pop and chart', 'pop soul', 'singer', 'soul']",Set Fire To The Rain,spotify:track:3CKCZ9pfwAfoMZlMncA1Nc,0.61,0.683,2.0,-3.879,0.0,0.0253,0.00382,1.79e-06,0.125,0.466,108.003,241693.0,4.0,21.93022,14.0,1.0,2011,Set_Fire_To_The_Rain_by_Adele,"adele, adult alternative pop/rock, adult contemporary, alternative/indie rock, blue eyed soul, blue-eyed soul, english singer, jazz, music for soccer moms, neo soul, pop, pop and chart, pop soul, singer, soul"
2017-05-20,Slow Hands,Niall Horan,11,31,['lflores077@gmail.com'],Slow Hands,spotify:track:2cOUlop2ZakjOKe4WinesN,0.735,0.425,0.0,-6.648,1.0,0.0466,0.011,0.0,0.055,0.848,85.894,188174.0,4.0,15.92744,10.0,1.0,2017,Slow_Hands_by_Niall_Horan,lflores077@gmail.com
2016-02-06,Walking On A Dream,Empire Of The Sun,65,5,"['australia', 'australian', 'australie', 'australien', 'dance-pop', 'electronic', 'electropop', 'indietronica', 'synthpop']",Walking On A Dream,spotify:track:5r5cp9IpziiIsR6b93vcnQ,0.871,0.701,5.0,-5.594,0.0,0.0458,0.257,7.52e-06,0.0589,0.716,126.975,198440.0,4.0,31.29041,9.0,1.0,2016,Walking_On_A_Dream_by_Empire_Of_The_Sun,"australia, australian, australie, australien, dance-pop, electronic, electropop, indietronica, synthpop"
2019-11-09,God Is,Kanye West,36,1,"['american', 'electropop', 'english', 'experimental hip hop', 'grammy winner', 'hardcore hip hop', 'hip hop', 'hip hop rnb and dance hall', 'hip-hop', 'luxury rap', 'pop', 'pop rap', 'producer', 'rap', 'rapper', 'relic inn', 'synthpop', 'us']",Unknown,Unknown,Unknown,Unknown,Unknown,Unknown,Unknown,Unknown,Unknown,Unknown,Unknown,Unknown,Unknown,Unknown,Unknown,Unknown,Unknown,Unknown,2019,God_Is_by_Kanye_West,"american, electropop, english, experimental hip hop, grammy winner, hardcore hip hop, hip hop, hip hop rnb and dance hall, hip-hop, luxury rap, pop, pop rap, producer, rap, rapper, relic inn, synthpop, us"
2000-10-14,Just Friends (Sunny),Musiq,31,20,"['hip hop', 'hip hop rnb and dance hall']",Unknown,Unknown,Unknown,Unknown,Unknown,Unknown,Unknown,Unknown,Unknown,Unknown,Unknown,Unknown,Unknown,Unknown,Unknown,Unknown,Unknown,Unknown,2000,Just_Friends_(Sunny)_by_Musiq,"hip hop, hip hop rnb and dance hall"
2010-06-05,Dream On,Glee Cast Featuring Neil Patrick Harris,26,2,"['bogus artist', 'fixme', 'needs disambiguation/annotation', 'pop']",Unknown,Unknown,Unknown,Unknown,Unknown,Unknown,Unknown,Unknown,Unknown,Unknown,Unknown,Unknown,Unknown,Unknown,Unknown,Unknown,Unknown,Unknown,2010,Dream_On_by_Glee_Cast_Featuring_Neil_Patrick_Harris,"bogus artist, fixme, needs disambiguation/annotation, pop"
2021-05-29,amari,J. Cole,5,3,"['hip hop', 'hip-hop', 'rap']",Unknown,Unknown,Unknown,Unknown,Unknown,Unknown,Unknown,Unknown,Unknown,Unknown,Unknown,Unknown,Unknown,Unknown,Unknown,Unknown,Unknown,Unknown,2021,amari_by_J._Cole,"hip hop, hip-hop, rap"
2010-01-30,Highway 20 Ride,Zac Brown Band,40,20,"['american', 'contemporary country', 'country', 'country pop', 'country rock', 'southern rock']",Highway 20 Ride,spotify:track:7J06GPr8b6A0zRHTZhah6s,0.55,0.402,3.0,-7.195,1.0,0.0339,0.551,1.38e-05,0.105,0.428,76.105,229280.0,4.0,38.37861,9.0,1.0,2010,Highway_20_Ride_by_Zac_Brown_Band,"american, contemporary country, country, country pop, country rock, southern rock"
2003-03-15,Rock You Baby,Toby Keith,66,5,"['2008 universal fire victim', 'contemporary country', 'country', 'country pop', 'pop', 'rock']",Rock You Baby,spotify:track:1hDyukwpyJ9H5QBZoIs0Dm,0.519,0.57,6.0,-6.772,0.0,0.029,0.163,0.0,0.144,0.17,154.093,241760.0,4.0,49.83334,10.0,1.0,2003,Rock_You_Baby_by_Toby_Keith,"2008 universal fire victim, contemporary country, country, country pop, pop, rock"
2015-07-11,Yoga,Janelle Monae & Jidenna,79,6,"['funk', 'mbs-333', 'r&b', 'rap', 'singer-songwriter', 'soul']",Yoga,spotify:track:3IJCSQoLF4YzPAKaxq2JLb,0.74,0.546,7.0,-5.674,0.0,0.0498,0.0159,8.41e-05,0.209,0.375,130.028,217679.0,4.0,43.5095,10.0,1.0,2015,Yoga_by_Janelle_Monae_&_Jidenna,"funk, mbs-333, r&b, rap, singer-songwriter, soul"
2013-08-17,Let Her Go,Passenger,5,43,"['alternative', 'alternative indy folk', 'english', 'folk', 'folk pop', 'indie', 'indie folk', 'indie pop', 'singer-songwriter', 'singer/songwriter']",Let Her Go,spotify:track:0JmiBCpWc1IAc0et7Xm7FL,0.479,0.545,7.0,-7.346,1.0,0.0688,0.365,0.0,0.0963,0.244,74.897,252733.0,4.0,53.79626,8.0,1.0,2013,Let_Her_Go_by_Passenger,"alternative, alternative indy folk, english, folk, folk pop, indie, indie folk, indie pop, singer-songwriter, singer/songwriter"
2007-12-08,Hot,Avril Lavigne,95,1,"['743219675026', 'alternative rock', 'bubblegum punk', 'dance-pop', 'electropop', 'indie rock', 'mall punk', 'pop', 'pop and chart', 'pop punk', 'pop rock', 'pop/rock', 'post-grunge', 'punk', 'punk rock', 'rock', 'soft rock', 'teen pop', 'teen punk']",Unknown,Unknown,Unknown,Unknown,Unknown,Unknown,Unknown,Unknown,Unknown,Unknown,Unknown,Unknown,Unknown,Unknown,Unknown,Unknown,Unknown,Unknown,2007,Hot_by_Avril_Lavigne,"743219675026, alternative rock, bubblegum punk, dance-pop, electropop, indie rock, mall punk, pop, pop and chart, pop punk, pop rock, pop/rock, post-grunge, punk, punk rock, rock, soft rock, teen pop, teen punk"
2003-11-22,I Can't Take You Anywhere,Scotty Emerick With Toby Keith,91,6,Unknown,I Can't Take You Anywhere,spotify:track:0lzcNtphdk0YXXVr4KvFws,0.733,0.751,4.0,-5.761,1.0,0.0311,0.262,0.0,0.0532,0.814,107.105,214200.0,4.0,48.06799,9.0,1.0,2003,I_Can't_Take_You_Anywhere_by_Scotty_Emerick_With_Toby_Keith,Unknown
2005-10-08,Here We Go,Trina Featuring Kelly Rowland,17,20,"['american', 'contemporary r&b', 'dance-pop', 'electro house', 'electropop', 'pop', 'pop and chart', 'pop rap', 'pop soul', 'rnb', 'soul']",Here We Go,spotify:track:6b3CWHNAKiJRqmgz6ZcWaB,0.814,0.494,8.0,-7.167,1.0,0.0846,0.624,0.0,0.0888,0.607,128.083,230973.0,4.0,44.2165,11.0,1.0,2005,Here_We_Go_by_Trina_Featuring_Kelly_Rowland,"american, contemporary r&b, dance-pop, electro house, electropop, pop, pop and chart, pop rap, pop soul, rnb, soul"
2007-04-07,Tell Me 'Bout It,Joss Stone,83,1,"['blues', 'contemporary r&b', 'jazz', 'neo soul', 'r&b', 'soul', 'soul and reggae']",Unknown,Unknown,Unknown,Unknown,Unknown,Unknown,Unknown,Unknown,Unknown,Unknown,Unknown,Unknown,Unknown,Unknown,Unknown,Unknown,Unknown,Unknown,2007,Tell_Me_'Bout_It_by_Joss_Stone,"blues, contemporary r&b, jazz, neo soul, r&b, soul, soul and reggae"
2018-01-20,All The Stars,Kendrick Lamar & SZA,7,21,"['boom bap', 'conscious hip hop', 'experimental hip hop', 'funk', 'hardcore hip hop', 'hip hop', 'jazz rap', 'neo soul', 'political hip hop', 'pop', 'pop rap', 'rap', 'relic inn', 'west coast hip hop']",All The Stars,spotify:track:3GCdLUSnKSMJhs4Tj6CV3s,0.698,0.633,8.0,-4.946,1.0,0.0597,0.0605,0.000194,0.0926,0.552,96.924,232187.0,4.0,39.70014,12.0,1.0,2018,All_The_Stars_by_Kendrick_Lamar_&_SZA,"boom bap, conscious hip hop, experimental hip hop, funk, hardcore hip hop, hip hop, jazz rap, neo soul, political hip hop, pop, pop rap, rap, relic inn, west coast hip hop"
2021-10-23,WFM,Realestk,67,3,Unknown,Unknown,Unknown,Unknown,Unknown,Unknown,Unknown,Unknown,Unknown,Unknown,Unknown,Unknown,Unknown,Unknown,Unknown,Unknown,Unknown,Unknown,Unknown,2021,WFM_by_Realestk,Unknown
2008-09-06,American Boy,Studio All-Stars,52,3,Unknown,Unknown,Unknown,Unknown,Unknown,Unknown,Unknown,Unknown,Unknown,Unknown,Unknown,Unknown,Unknown,Unknown,Unknown,Unknown,Unknown,Unknown,Unknown,2008,American_Boy_by_Studio_All-Stars,Unknown
2008-01-26,I Won't Tell,Fat Joe Featuring J. Holiday,37,16,"['east coast hip hop', 'gangsta rap', 'hip hop', 'hip hop rnb and dance hall']",Unknown,Unknown,Unknown,Unknown,Unknown,Unknown,Unknown,Unknown,Unknown,Unknown,Unknown,Unknown,Unknown,Unknown,Unknown,Unknown,Unknown,Unknown,2008,I_Won't_Tell_by_Fat_Joe_Featuring_J._Holiday,"east coast hip hop, gangsta rap, hip hop, hip hop rnb and dance hall"
2012-01-21,Kyoto,Skrillex Featuring Sirah,74,4,"['brostep', 'dance', 'dubstep', 'electro house', 'electronic', 'english', 'glitch', 'post-dubstep', 'seen live', 'skrillex']",Kyoto,spotify:track:3FUZpoj9VV0sgc8RqbS3xQ,0.605,0.92,4.0,-2.298,0.0,0.0713,0.0012,0.000596,0.483,0.219,174.974,200787.0,4.0,46.35752,11.0,1.0,2012,Kyoto_by_Skrillex_Featuring_Sirah,"brostep, dance, dubstep, electro house, electronic, english, glitch, post-dubstep, seen live, skrillex"
2018-03-10,Make Me Feel,Janelle Monae,99,1,"['funk', 'mbs-333', 'r&b', 'rap', 'singer-songwriter', 'soul']",Unknown,Unknown,Unknown,Unknown,Unknown,Unknown,Unknown,Unknown,Unknown,Unknown,Unknown,Unknown,Unknown,Unknown,Unknown,Unknown,Unknown,Unknown,2018,Make_Me_Feel_by_Janelle_Monae,"funk, mbs-333, r&b, rap, singer-songwriter, soul"
2007-05-26,Impacto,Daddy Yankee Featuring Fergie,56,7,"['dance', 'electronic', 'englisch', 'english', 'hip hop', 'hip hop rnb and dance hall', 'latin', 'latin pop', 'latin urban', 'puerto rico', 'rap', 'reggae', 'reggaeton']",Impacto,spotify:track:4jjPvqzUHNYuNEtSJnklwJ,0.794,0.864,8.0,-5.964,1.0,0.0755,0.00889,0.000145,0.0398,0.9,100.516,185107.0,4.0,58.67896,10.0,1.0,2007,Impacto_by_Daddy_Yankee_Featuring_Fergie,"dance, electronic, englisch, english, hip hop, hip hop rnb and dance hall, latin, latin pop, latin urban, puerto rico, rap, reggae, reggaeton"
2013-10-19,Gone,Kanye West Featuring Cam'ron & Consequence,18,1,"['american', 'electropop', 'english', 'experimental hip hop', 'grammy winner', 'hardcore hip hop', 'hip hop', 'hip hop rnb and dance hall', 'hip-hop', 'luxury rap', 'pop', 'pop rap', 'producer', 'rap', 'rapper', 'relic inn', 'synthpop', 'us']",Unknown,Unknown,Unknown,Unknown,Unknown,Unknown,Unknown,Unknown,Unknown,Unknown,Unknown,Unknown,Unknown,Unknown,Unknown,Unknown,Unknown,Unknown,2013,Gone_by_Kanye_West_Featuring_Cam'ron_&_Consequence,"american, electropop, english, experimental hip hop, grammy winner, hardcore hip hop, hip hop, hip hop rnb and dance hall, hip-hop, luxury rap, pop, pop rap, producer, rap, rapper, relic inn, synthpop, us"
2013-11-02,Friday Night,Eric Paslay,47,20,['country'],Friday Night,spotify:track:66rVt7PbwyKlu6CK6rxyAi,0.657,0.841,9.0,-4.188,1.0,0.0452,0.16,0.0,0.177,0.722,120.009,167213.0,4.0,36.2403,8.0,1.0,2013,Friday_Night_by_Eric_Paslay,country
2015-01-03,My Baby's Got A Smile On Her Face,Craig Wayne Boyd,34,1,Unknown,Unknown,Unknown,Unknown,Unknown,Unknown,Unknown,Unknown,Unknown,Unknown,Unknown,Unknown,Unknown,Unknown,Unknown,Unknown,Unknown,Unknown,Unknown,2015,My_Baby's_Got_A_Smile_On_Her_Face_by_Craig_Wayne_Boyd,Unknown
2019-03-09,Be Like Me,Lil Pump Featuring Lil Wayne,72,1,"['hip hop', 'lil pump', 'trap']",Unknown,Unknown,Unknown,Unknown,Unknown,Unknown,Unknown,Unknown,Unknown,Unknown,Unknown,Unknown,Unknown,Unknown,Unknown,Unknown,Unknown,Unknown,2019,Be_Like_Me_by_Lil_Pump_Featuring_Lil_Wayne,"hip hop, lil pump, trap"
2008-02-16,Sexy Can I,Ray J & Yung Berg,3,26,Unknown,Sexy Can I,spotify:track:0DdpxWfVvUGgkJv5536tiF,0.575,0.684,1.0,-6.007,1.0,0.325,0.299,0.0,0.614,0.926,172.155,204040.0,4.0,26.24243,11.0,1.0,2008,Sexy_Can_I_by_Ray_J_&_Yung_Berg,Unknown
2009-02-28,The Fear,Lily Allen,80,10,"['britannique', 'british', 'contemporary r&b', 'dance-pop', 'déià - sa fonda august 1998 - and a once for the hp sauce', 'electropop', 'english', 'pop', 'pop and chart', 'ska', 'synthpop', 'uk']",The Fear,spotify:track:7bW6MqAdTclmHVHAOkIyPS,0.661,0.847,10.0,-6.948,1.0,0.0404,0.419,8.82e-05,0.107,0.522,134.002,207120.0,4.0,22.45476,8.0,1.0,2009,The_Fear_by_Lily_Allen,"britannique, british, contemporary r&b, dance-pop, déià - sa fonda august 1998 - and a once for the hp sauce, electropop, english, pop, pop and chart, ska, synthpop, uk"
2020-02-29,Habitual,Justin Bieber,98,1,"['amazing', 'awful', 'black metal', 'christmas music', 'contemporary r&b', 'dance-pop', 'electropop', 'english', 'gay', 'pop', 'teen pop', 'terrible', 'tropical house']",Unknown,Unknown,Unknown,Unknown,Unknown,Unknown,Unknown,Unknown,Unknown,Unknown,Unknown,Unknown,Unknown,Unknown,Unknown,Unknown,Unknown,Unknown,2020,Habitual_by_Justin_Bieber,"amazing, awful, black metal, christmas music, contemporary r&b, dance-pop, electropop, english, gay, pop, teen pop, terrible, tropical house"
2010-01-30,Ready To Love Again,Lady Antebellum,72,1,"['country', 'pop']",Ready To Love Again,spotify:track:4jJEEPrPMTMHpabgjefRN7,0.555,0.638,4.0,-5.012,1.0,0.027,0.313,0.0,0.122,0.185,102.676,173267.0,4.0,29.05789,10.0,1.0,2010,Ready_To_Love_Again_by_Lady_Antebellum,"country, pop"
2004-12-25,Perdidos,Monchy & Alexandra,92,7,"['bachata', 'latin']",Perdidos,spotify:track:6TjHpTuIWtMK2wrEst0cuB,0.838,0.676,1.0,-4.4,0.0,0.0303,0.476,0.0,0.121,0.902,129.92,268467.0,4.0,22.79635,15.0,1.0,2004,Perdidos_by_Monchy_&_Alexandra,"bachata, latin"
2017-09-23,Greatest Love Story,LANCO,45,21,Unknown,Greatest Love Story,spotify:track:2yQZwi1P8AkkxxFhQ8rMEK,0.671,0.617,10.0,-8.72,1.0,0.0561,0.401,0.0,0.119,0.62,147.986,222573.0,4.0,33.97211,11.0,1.0,2017,Greatest_Love_Story_by_LANCO,Unknown
2012-02-18,Black Or White,Glee Cast,64,1,"['bogus artist', 'fixme', 'needs disambiguation/annotation', 'pop']",Unknown,Unknown,Unknown,Unknown,Unknown,Unknown,Unknown,Unknown,Unknown,Unknown,Unknown,Unknown,Unknown,Unknown,Unknown,Unknown,Unknown,Unknown,2012,Black_Or_White_by_Glee_Cast,"bogus artist, fixme, needs disambiguation/annotation, pop"
2015-01-03,Wasted Love,Matt McAndrew,14,1,Unknown,Unknown,Unknown,Unknown,Unknown,Unknown,Unknown,Unknown,Unknown,Unknown,Unknown,Unknown,Unknown,Unknown,Unknown,Unknown,Unknown,Unknown,Unknown,2015,Wasted_Love_by_Matt_McAndrew,Unknown
2018-05-26,Yes Indeed,Lil Baby & Drake,6,29,"['english', 'hip hop', 'lil baby', 'rap']",Yes Indeed,spotify:track:6vN77lE9LK6HP2DewaN6HZ,0.964,0.346,5.0,-9.309,0.0,0.53,0.035,0.0,0.108,0.562,119.958,142273.0,4.0,16.68816,7.0,1.0,2018,Yes_Indeed_by_Lil_Baby_&_Drake,"english, hip hop, lil baby, rap"
2000-01-08,Love Is Blind,Eve Featuring Faith Evans,34,16,"['hip hop rnb and dance hall', 'soul']",Love Is Blind,spotify:track:0H2jfzzREOr9MF95HB7ry6,0.688,0.815,0.0,-4.761,1.0,0.321,0.263,0.0,0.151,0.587,176.086,260307.0,4.0,42.5635,13.0,1.0,2000,Love_Is_Blind_by_Eve_Featuring_Faith_Evans,"hip hop rnb and dance hall, soul"
2008-10-18,It's Over,Jesse McCartney,62,5,"['american', 'pop']",Unknown,Unknown,Unknown,Unknown,Unknown,Unknown,Unknown,Unknown,Unknown,Unknown,Unknown,Unknown,Unknown,Unknown,Unknown,Unknown,Unknown,Unknown,2008,It's_Over_by_Jesse_McCartney,"american, pop"
2007-10-13,Shoulda Let You Go,Keyshia Cole Introducing Amina,41,20,"['hip hop', 'hip hop rnb and dance hall', 'r&b']",Shoulda Let You Go,spotify:track:1yTfczdv9qGCfJpZF3y4yQ,0.725,0.594,2.0,-5.243,1.0,0.0496,0.0939,0.0,0.22,0.25,91.794,220867.0,4.0,29.97519,12.0,1.0,2007,Shoulda_Let_You_Go_by_Keyshia_Cole_Introducing_Amina,"hip hop, hip hop rnb and dance hall, r&b"
2021-10-30,Bubbly,Young Thug With Drake & Travis Scott,20,10,"['english', 'hip hop', 'rap', 'relic inn', 'trap']",Unknown,Unknown,Unknown,Unknown,Unknown,Unknown,Unknown,Unknown,Unknown,Unknown,Unknown,Unknown,Unknown,Unknown,Unknown,Unknown,Unknown,Unknown,2021,Bubbly_by_Young_Thug_With_Drake_&_Travis_Scott,"english, hip hop, rap, relic inn, trap"
2008-06-28,Body On Me,Nelly Featuring Ashanti & Akon,42,15,"['american', 'contemporary r&b', 'dance-pop', 'dangerous', 'electropop', 'hip hop', 'hip hop rnb and dance hall', 'pop', 'pop rap', 'r&b', 'senegalese-american']",Body On Me,spotify:track:7hkbknrCTeWR7wEK4X4cvX,0.574,0.636,7.0,-7.173,0.0,0.325,0.142,0.0,0.0962,0.781,179.979,209707.0,4.0,83.28132,9.0,1.0,2008,Body_On_Me_by_Nelly_Featuring_Ashanti_&_Akon,"american, contemporary r&b, dance-pop, dangerous, electropop, hip hop, hip hop rnb and dance hall, pop, pop rap, r&b, senegalese-american"
2017-10-21,Smooth,Florida Georgia Line,89,7,"['bro-country', 'country pop']",Smooth,spotify:track:31x4wWBghN7f5PiEZUmcAW,0.477,0.848,6.0,-5.419,1.0,0.0558,0.286,4.77e-05,0.673,0.33,161.014,170200.0,4.0,16.14771,9.0,1.0,2017,Smooth_by_Florida_Georgia_Line,"bro-country, country pop"
2018-06-23,Rich Sex,Nicki Minaj Featuring Lil Wayne,56,2,"['a filk artist', 'cousin in trinidad wont get the vaccine', 'electronic', 'hip hop', 'hip-hop', 'pop', 'pop rap', 'queen of rap', 'r&b', 'rap', 'relic inn']",Unknown,Unknown,Unknown,Unknown,Unknown,Unknown,Unknown,Unknown,Unknown,Unknown,Unknown,Unknown,Unknown,Unknown,Unknown,Unknown,Unknown,Unknown,2018,Rich_Sex_by_Nicki_Minaj_Featuring_Lil_Wayne,"a filk artist, cousin in trinidad wont get the vaccine, electronic, hip hop, hip-hop, pop, pop rap, queen of rap, r&b, rap, relic inn"
2005-11-12,Bat Country,Avenged Sevenfold,60,15,"['american', 'hard rock', 'metal', 'metalcore']",Bat Country,spotify:track:3sHH7lklbfpcraDDvYnjo7,0.541,0.968,0.0,-4.129,1.0,0.0396,0.000248,8.28e-06,0.423,0.505,125.04,311813.0,4.0,23.79336,13.0,1.0,2005,Bat_Country_by_Avenged_Sevenfold,"american, hard rock, metal, metalcore"
2021-11-06,Switches & Dracs,Moneybagg Yo Featuring Lil Durk & EST Gee,69,2,Unknown,Unknown,Unknown,Unknown,Unknown,Unknown,Unknown,Unknown,Unknown,Unknown,Unknown,Unknown,Unknown,Unknown,Unknown,Unknown,Unknown,Unknown,Unknown,2021,Switches_&_Dracs_by_Moneybagg_Yo_Featuring_Lil_Durk_&_EST_Gee,Unknown
2015-07-18,Do It Again,Pia Mia Featuring Chris Brown & Tyga,71,11,"['hip hop', 'pop rap', 'rap', 'rap us']",Do It Again,spotify:track:72Bz4ciRZPBcVSw0nrZDHi,0.712,0.564,8.0,-6.527,1.0,0.047,0.0266,0.0,0.0874,0.411,95.95,207747.0,4.0,27.47884,7.0,1.0,2015,Do_It_Again_by_Pia_Mia_Featuring_Chris_Brown_&_Tyga,"hip hop, pop rap, rap, rap us"
2019-04-20,Don't Pretend,Khalid x SAFE,84,1,"['contemporary r&b', 'hip hop', 'pop', 'r&b']",Unknown,Unknown,Unknown,Unknown,Unknown,Unknown,Unknown,Unknown,Unknown,Unknown,Unknown,Unknown,Unknown,Unknown,Unknown,Unknown,Unknown,Unknown,2019,Don't_Pretend_by_Khalid_x_SAFE,"contemporary r&b, hip hop, pop, r&b"
2001-02-10,One More Time,Daft Punk,61,16,"['dance and electronica', 'electro house', 'electronic', 'european', 'favourite', 'film score', 'french', 'french house', 'french touch', 'house', 'nu-disco', 'synthpop', 'tech house', 'thomas bangalter', 'vocoder', 'wp musicians']",One More Time,spotify:track:0DiWol3AO6WpXZgp0goxAV,0.611,0.697,2.0,-8.618,1.0,0.133,0.0193,0.0,0.332,0.476,122.752,320357.0,4.0,58.19603,14.0,1.0,2001,One_More_Time_by_Daft_Punk,"dance and electronica, electro house, electronic, european, favourite, film score, french, french house, french touch, house, nu-disco, synthpop, tech house, thomas bangalter, vocoder, wp musicians"
2019-04-06,Tap,NAV Featuring Meek Mill,87,10,"['east coast hip hop', 'gangsta rap', 'hip hop', 'meek mill', 'trap']",Tap,spotify:track:5rU6kDNXZLXIinFezpbWbO,0.901,0.676,2.0,-7.033,1.0,0.251,0.0646,0.0,0.0863,0.452,85.018,148278.0,4.0,31.08934,4.0,1.0,2019,Tap_by_NAV_Featuring_Meek_Mill,"east coast hip hop, gangsta rap, hip hop, meek mill, trap"
2018-06-30,Bed,Nicki Minaj Featuring Ariana Grande,42,10,"['a filk artist', 'cousin in trinidad wont get the vaccine', 'electronic', 'hip hop', 'hip-hop', 'pop', 'pop rap', 'queen of rap', 'r&b', 'rap', 'relic inn']",Bed,spotify:track:3L4GsGLgxpHieVQH86H8bv,0.757,0.73,7.0,-6.304,1.0,0.187,0.0348,6.17e-05,0.136,0.451,90.013,189533.0,4.0,16.34933,11.0,1.0,2018,Bed_by_Nicki_Minaj_Featuring_Ariana_Grande,"a filk artist, cousin in trinidad wont get the vaccine, electronic, hip hop, hip-hop, pop, pop rap, queen of rap, r&b, rap, relic inn"
2019-03-09,Girls Need Love,Summer Walker X Drake,37,20,"['anti vax', 'r&b', 'soul']",Girls Need Love,spotify:track:14SaZBTjxlorHJQxXh01Hu,0.656,0.432,6.0,-9.481,0.0,0.217,0.443,0.0,0.132,0.0897,97.022,222374.0,4.0,80.93112,12.0,1.0,2019,Girls_Need_Love_by_Summer_Walker_X_Drake,"anti vax, r&b, soul"
2017-01-21,Sober Saturday Night,Chris Young Featuring Vince Gill,47,11,"['adult contemporary', 'bluegrass', 'christmas music', 'contemporary country', 'country', 'country pop', 'grammy winner', 'look at us', 'session']",Sober Saturday Night,spotify:track:081t95JRuDUrQYSS3h8iKk,0.477,0.672,1.0,-5.234,1.0,0.0306,0.049,0.0,0.355,0.263,139.864,194560.0,4.0,41.86337,8.0,1.0,2017,Sober_Saturday_Night_by_Chris_Young_Featuring_Vince_Gill,"adult contemporary, bluegrass, christmas music, contemporary country, country, country pop, grammy winner, look at us, session"
2020-12-12,Haciendo Que Me Amas,Bad Bunny,72,1,"['english', 'hip hop', 'latin', 'latin trap', 'latin urban', 'pop', 'reggaeton', 'spanish']",Unknown,Unknown,Unknown,Unknown,Unknown,Unknown,Unknown,Unknown,Unknown,Unknown,Unknown,Unknown,Unknown,Unknown,Unknown,Unknown,Unknown,Unknown,2020,Haciendo_Que_Me_Amas_by_Bad_Bunny,"english, hip hop, latin, latin trap, latin urban, pop, reggaeton, spanish"
2003-04-26,In Love Wit Chu,Da Brat Featuring Cherish,44,16,['hip hop'],In Love Wit Chu,spotify:track:564OSRbqySMYtqpyCXwXbP,0.813,0.704,0.0,-3.427,1.0,0.289,0.236,0.0,0.098,0.792,95.067,248147.0,4.0,34.19233,11.0,1.0,2003,In_Love_Wit_Chu_by_Da_Brat_Featuring_Cherish,hip hop
2003-01-25,Take You Home,Angie Martinez Featuring Kelis,85,5,"['contemporary r&b', 'electro house', 'electropop', 'neo-soul', 'pop', 'pop rap', 'r&b', 'rock and indie', 'soul', 'vocalist']",Take You Home,spotify:track:76HwNiaQIPdiKkPr9rIblr,0.595,0.639,7.0,-3.159,1.0,0.275,0.0663,0.0,0.0588,0.7,95.912,233227.0,4.0,38.60455,11.0,1.0,2003,Take_You_Home_by_Angie_Martinez_Featuring_Kelis,"contemporary r&b, electro house, electropop, neo-soul, pop, pop rap, r&b, rock and indie, soul, vocalist"
2001-12-29,God Bless America,Daniel Rodriguez,99,2,Unknown,God Bless America,spotify:track:075DlN1s3ii0KiN9MIXDjW,0.16,0.591,8.0,-3.838,1.0,0.0381,0.93,0.0379,0.497,0.306,85.364,168147.0,4.0,31.51619,6.0,1.0,2001,God_Bless_America_by_Daniel_Rodriguez,Unknown
2013-11-02,Stay,Florida Georgia Line,28,20,"['bro-country', 'country pop']",Stay,spotify:track:3grPZ1iQg2tEdh0ZCh3HTt,0.494,0.936,1.0,-2.989,1.0,0.0418,0.0744,0.0,0.148,0.582,141.939,199320.0,4.0,64.8767,8.0,1.0,2013,Stay_by_Florida_Georgia_Line,"bro-country, country pop"
2001-04-07,La Bomba,Azul Azul,70,20,Unknown,La Bomba,spotify:track:0Tl84qfow6Dv0PM60zoBhb,0.923,0.768,1.0,-7.321,1.0,0.0674,0.119,0.0,0.0689,0.96,94.013,123960.0,4.0,28.76193,6.0,1.0,2001,La_Bomba_by_Azul_Azul,Unknown
2021-07-31,2055,Sleepy Hallow,51,17,Unknown,Unknown,Unknown,Unknown,Unknown,Unknown,Unknown,Unknown,Unknown,Unknown,Unknown,Unknown,Unknown,Unknown,Unknown,Unknown,Unknown,Unknown,Unknown,2021,2055_by_Sleepy_Hallow,Unknown
2017-08-26,Perplexing Pegasus,Rae Sremmurd,84,3,['hip hop'],Perplexing Pegasus,spotify:track:1ung2kajpw24AaHjBtPY3j,0.899,0.448,1.0,-8.789,1.0,0.0738,0.000692,2.36e-05,0.365,0.302,145.975,204787.0,4.0,55.937,9.0,1.0,2017,Perplexing_Pegasus_by_Rae_Sremmurd,hip hop
2002-05-04,Say I Yi Yi,Ying Yang Twins,56,14,"['crunk', 'hip hop', 'hip hop rnb and dance hall', 'pop rap', 'snap', 'southern hip hop']",Say I Yi Yi,spotify:track:46XvcuEZFFInDilbYUNHBn,0.782,0.627,8.0,-6.509,0.0,0.115,0.00233,1.27e-05,0.201,0.485,94.967,272507.0,4.0,35.96025,14.0,1.0,2002,Say_I_Yi_Yi_by_Ying_Yang_Twins,"crunk, hip hop, hip hop rnb and dance hall, pop rap, snap, southern hip hop"
2009-08-08,Too Many Rappers,Beastie Boys Featuring Nas,93,1,"['alternative hip hop', 'alternative hip-hop', 'alternative rock', 'american', 'américain', 'east coast hip hop', 'electro', 'funk', 'hardcore punk', 'hip hop', 'hip-hop', 'hiphop', 'new york hardcore', 'ny', 'prank calls', 'punk', 'rap', 'rap rock', 'rock', 'rock and indie', 'us', 'usa']",Too Many Rappers,spotify:track:22hR7aDYKZrPKH18YLlyaV,0.627,0.872,11.0,-4.388,0.0,0.158,0.00566,0.0,0.522,0.548,93.728,291800.0,4.0,25.65144,11.0,1.0,2009,Too_Many_Rappers_by_Beastie_Boys_Featuring_Nas,"alternative hip hop, alternative hip-hop, alternative rock, american, américain, east coast hip hop, electro, funk, hardcore punk, hip hop, hip-hop, hiphop, new york hardcore, ny, prank calls, punk, rap, rap rock, rock, rock and indie, us, usa"
2014-04-26,Feelin' Myself,"will.i.am Featuring Miley Cyrus, French Montana, Wiz Khalifa & DJ Mustard",96,2,"['english', 'miley-cyrus', 'pop', 'pop rock', 'power pop', 'rock']",Unknown,Unknown,Unknown,Unknown,Unknown,Unknown,Unknown,Unknown,Unknown,Unknown,Unknown,Unknown,Unknown,Unknown,Unknown,Unknown,Unknown,Unknown,2014,"Feelin'_Myself_by_will.i.am_Featuring_Miley_Cyrus,_French_Montana,_Wiz_Khalifa_&_DJ_Mustard","english, miley-cyrus, pop, pop rock, power pop, rock"
2018-05-19,Mercy,Brett Young,29,20,"['brett young ep', 'country']",Mercy,spotify:track:2VIPU72L6tIR4w8J8ap6Kp,0.638,0.367,4.0,-7.906,1.0,0.0266,0.84,0.0,0.0999,0.219,71.957,217120.0,4.0,27.75606,11.0,1.0,2018,Mercy_by_Brett_Young,"brett young ep, country"
2000-08-19,Case Of The Ex (Whatcha Gonna Do),Mya,2,30,['soul'],Unknown,Unknown,Unknown,Unknown,Unknown,Unknown,Unknown,Unknown,Unknown,Unknown,Unknown,Unknown,Unknown,Unknown,Unknown,Unknown,Unknown,Unknown,2000,Case_Of_The_Ex_(Whatcha_Gonna_Do)_by_Mya,soul
2004-12-11,Lady,Lenny Kravitz,27,20,"['american', 'classic pop and rock', 'funk rock', 'funk-rock', 'hard rock', 'neo-psychedelia', 'pop rock', 'pop soul', 'psychedelic rock', 'psychedelic soul', 'rock', 'soft rock', 'soul']",Lady,spotify:track:4qM2h3xkzwGJiVv6GgL6w0,0.808,0.584,0.0,-4.469,1.0,0.034,0.0162,0.504,0.0848,0.798,111.966,255573.0,4.0,24.78742,13.0,1.0,2004,Lady_by_Lenny_Kravitz,"american, classic pop and rock, funk rock, funk-rock, hard rock, neo-psychedelia, pop rock, pop soul, psychedelic rock, psychedelic soul, rock, soft rock, soul"
2002-11-09,From Tha Chuuuch To Da Palace,Snoop Dogg,77,10,"['2008 universal fire victim', 'american', 'criminal', 'g-funk', 'gangsta rap', 'hip hop', 'hip hop rnb and dance hall', 'hip-hop', 'reggae', 'relic inn', 'west coast hip hop', 'west coast hip-hop']",From Tha Chuuuch To Da Palace,spotify:track:3dVRdoxPN20V8w0KDxWtIC,0.78,0.675,1.0,-5.568,1.0,0.279,0.257,0.0,0.0808,0.681,96.88,285787.0,4.0,27.46596,14.0,1.0,2002,From_Tha_Chuuuch_To_Da_Palace_by_Snoop_Dogg,"2008 universal fire victim, american, criminal, g-funk, gangsta rap, hip hop, hip hop rnb and dance hall, hip-hop, reggae, relic inn, west coast hip hop, west coast hip-hop"
2019-11-16,For My Daughter,Kane Brown,90,1,Unknown,Unknown,Unknown,Unknown,Unknown,Unknown,Unknown,Unknown,Unknown,Unknown,Unknown,Unknown,Unknown,Unknown,Unknown,Unknown,Unknown,Unknown,Unknown,2019,For_My_Daughter_by_Kane_Brown,Unknown
2015-11-28,My House,Flo Rida,4,39,"['a filk artist', 'dance-pop', 'electro', 'electropop', 'hip hop', 'hip hop rnb and dance hall', 'hip house', 'pop rap', 'southern hip hop']",My House,spotify:track:6Knv6wdA0luoMUuuoYi2i1,0.688,0.702,7.0,-4.792,0.0,0.0499,0.0215,0.0,0.128,0.74,94.006,192191.0,4.0,40.52926,10.0,1.0,2015,My_House_by_Flo_Rida,"a filk artist, dance-pop, electro, electropop, hip hop, hip hop rnb and dance hall, hip house, pop rap, southern hip hop"
2015-12-26,Hands To Myself,Selena Gomez,7,20,"['alternative r&b', 'brostep', 'contemporary r&b', 'dance-pop', 'electro house', 'electro-disco', 'electropop', 'englisch', 'english', 'pop', 'rock', 'teen pop']",Hands To Myself,spotify:track:1LoriJC05IrHIDwj3q0KC1,0.811,0.499,5.0,-7.161,0.0,0.118,0.0147,2.44e-06,0.342,0.466,111.016,200680.0,4.0,56.37931,8.0,1.0,2015,Hands_To_Myself_by_Selena_Gomez,"alternative r&b, brostep, contemporary r&b, dance-pop, electro house, electro-disco, electropop, englisch, english, pop, rock, teen pop"
2020-03-07,Lil Top,YoungBoy Never Broke Again,28,2,['hip hop'],Unknown,Unknown,Unknown,Unknown,Unknown,Unknown,Unknown,Unknown,Unknown,Unknown,Unknown,Unknown,Unknown,Unknown,Unknown,Unknown,Unknown,Unknown,2020,Lil_Top_by_YoungBoy_Never_Broke_Again,hip hop
2011-09-10,I'm Gonna Love You Through It,Martina McBride,61,20,"['contemporary country', 'country', 'country pop']",I'm Gonna Love You Through It,spotify:track:4GwbSrCJFRze2tK4H12Zew,0.432,0.657,5.0,-5.12,1.0,0.0304,0.317,0.0,0.0893,0.259,142.528,227613.0,4.0,55.20204,13.0,1.0,2011,I'm_Gonna_Love_You_Through_It_by_Martina_McBride,"contemporary country, country, country pop"
2008-05-31,Summertime,New Kids On The Block,36,13,"['american', 'boy band', 'dance-pop', 'pop', 'pop rap', 'teen pop']",Summertime,spotify:track:6WZ7g8fpIXkf1ySWn3GA5O,0.632,0.785,4.0,-7.336,1.0,0.101,0.00972,0.0,0.0676,0.786,83.94,202413.0,4.0,43.11986,7.0,1.0,2008,Summertime_by_New_Kids_On_The_Block,"american, boy band, dance-pop, pop, pop rap, teen pop"
2017-08-19,All The Pretty Girls,Kenny Chesney,63,14,"['contemporary country', 'country', 'country pop', 'singer/songwriter']",All The Pretty Girls,spotify:track:66pxmg3Jhjm09tHoWR1wVR,0.612,0.848,6.0,-3.736,1.0,0.0368,0.00916,0.0,0.366,0.719,120.996,212893.0,4.0,33.42375,9.0,1.0,2017,All_The_Pretty_Girls_by_Kenny_Chesney,"contemporary country, country, country pop, singer/songwriter"
2011-10-01,Let It Rain,David Nail Featuring Sarah Buxton,51,20,Unknown,Let It Rain,spotify:track:0DAjiINHQTnPnnY939Qyhw,0.56,0.619,4.0,-3.013,1.0,0.0405,0.385,1.03e-06,0.247,0.561,77.881,222253.0,4.0,26.05882,9.0,1.0,2011,Let_It_Rain_by_David_Nail_Featuring_Sarah_Buxton,Unknown
2001-03-31,Get Over Yourself,Eden's Crush,8,14,Unknown,Unknown,Unknown,Unknown,Unknown,Unknown,Unknown,Unknown,Unknown,Unknown,Unknown,Unknown,Unknown,Unknown,Unknown,Unknown,Unknown,Unknown,Unknown,2001,Get_Over_Yourself_by_Eden's_Crush,Unknown
2006-01-07,Who I Am Hates Who I've Been,Relient K,58,11,"['canton', 'christian', 'christian rock', 'ohio', 'pop punk', 'poppunk', 'punk', 'rock', 'usa']",Who I Am Hates Who I've Been,spotify:track:23zxVVtHjo2mbtAoAg5XB4,0.398,0.902,3.0,-3.518,1.0,0.0861,0.00289,0.0,0.066,0.491,166.823,232267.0,4.0,26.31202,10.0,1.0,2006,Who_I_Am_Hates_Who_I've_Been_by_Relient_K,"canton, christian, christian rock, ohio, pop punk, poppunk, punk, rock, usa"
2009-05-23,Swag Surfin',F.L.Y. (Fast Life Yungstaz),62,11,Unknown,Swag Surfin',spotify:track:5ItzU5pBrFmRUudfr5RkJP,0.731,0.927,11.0,-5.663,0.0,0.0408,0.015,0.0,0.103,0.669,143.987,249920.0,4.0,34.25627,11.0,1.0,2009,Swag_Surfin'_by_F.L.Y._(Fast_Life_Yungstaz),Unknown
2008-09-27,I Don't Care,Fall Out Boy,21,20,"['acoustic rock', 'alternative rock', 'emo', 'emo pop', 'emo-pop', 'hardcore punk', 'pop and chart', 'pop punk', 'pop rock', 'post-emo', 'rock']",I Don't Care,spotify:track:7ewT0nLFkMD8ONbRibePr9,0.55,0.938,11.0,-3.556,0.0,0.0522,0.00171,2.18e-05,0.555,0.433,133.99,214493.0,4.0,48.82697,9.0,1.0,2008,I_Don't_Care_by_Fall_Out_Boy,"acoustic rock, alternative rock, emo, emo pop, emo-pop, hardcore punk, pop and chart, pop punk, pop rock, post-emo, rock"
2013-12-28,Confident,Justin Bieber Featuring Chance The Rapper,41,3,"['amazing', 'awful', 'black metal', 'christmas music', 'contemporary r&b', 'dance-pop', 'electropop', 'english', 'gay', 'pop', 'teen pop', 'terrible', 'tropical house']",Confident,spotify:track:5Isz0twJeFdduOQEFQLezv,0.738,0.563,5.0,-5.467,0.0,0.11,0.113,0.0,0.191,0.876,134.132,248133.0,4.0,29.31374,10.0,1.0,2013,Confident_by_Justin_Bieber_Featuring_Chance_The_Rapper,"amazing, awful, black metal, christmas music, contemporary r&b, dance-pop, electropop, english, gay, pop, teen pop, terrible, tropical house"
2021-05-15,Final Warning,NLE Choppa,90,1,['hip hop'],Unknown,Unknown,Unknown,Unknown,Unknown,Unknown,Unknown,Unknown,Unknown,Unknown,Unknown,Unknown,Unknown,Unknown,Unknown,Unknown,Unknown,Unknown,2021,Final_Warning_by_NLE_Choppa,hip hop
2020-12-26,Happiness,Taylor Swift,52,1,"['americana', 'contemporary country', 'country', 'country pop', 'country-pop', 'dance-pop', 'electropop', 'female vocals', 'fixme label mess', 'hp', 'icon', 'pop', 'pop rock', 'relic inn', 'singer-songwriter', 'singer/songwriter', 'taylor-swift', 'teen pop', 'top 40']",Unknown,Unknown,Unknown,Unknown,Unknown,Unknown,Unknown,Unknown,Unknown,Unknown,Unknown,Unknown,Unknown,Unknown,Unknown,Unknown,Unknown,Unknown,2020,Happiness_by_Taylor_Swift,"americana, contemporary country, country, country pop, country-pop, dance-pop, electropop, female vocals, fixme label mess, hp, icon, pop, pop rock, relic inn, singer-songwriter, singer/songwriter, taylor-swift, teen pop, top 40"
2021-04-24,Shy Away,twenty one pilots,87,1,"['alternative hip hop', 'alternative rap', 'alternative rock', 'electropop', 'emo', 'hip hop', 'hip-hop', 'hip-hop/rap', 'indie', 'indie pop', 'indie rock', 'pop', 'pop rock', 'rap', 'rap rock', 'rock']",Unknown,Unknown,Unknown,Unknown,Unknown,Unknown,Unknown,Unknown,Unknown,Unknown,Unknown,Unknown,Unknown,Unknown,Unknown,Unknown,Unknown,Unknown,2021,Shy_Away_by_twenty_one_pilots,"alternative hip hop, alternative rap, alternative rock, electropop, emo, hip hop, hip-hop, hip-hop/rap, indie, indie pop, indie rock, pop, pop rock, rap, rap rock, rock"
2020-10-17,Fallin',Why Don't We,37,1,"['future pop', 'rising pop']",Unknown,Unknown,Unknown,Unknown,Unknown,Unknown,Unknown,Unknown,Unknown,Unknown,Unknown,Unknown,Unknown,Unknown,Unknown,Unknown,Unknown,Unknown,2020,Fallin'_by_Why_Don't_We,"future pop, rising pop"
2009-06-20,Ego,Beyonce,39,17,"['alternative r&b', 'art pop', 'contemporary pop', 'contemporary r&b', 'country', 'dance-pop', 'electropop', 'funk', 'grammy winner', 'hard rock', 'hip hop rnb and dance hall', 'mbs-333', 'moombahton', 'pop', 'pop rap', 'r&b', 'rnb', 'soul']",Unknown,Unknown,Unknown,Unknown,Unknown,Unknown,Unknown,Unknown,Unknown,Unknown,Unknown,Unknown,Unknown,Unknown,Unknown,Unknown,Unknown,Unknown,2009,Ego_by_Beyonce,"alternative r&b, art pop, contemporary pop, contemporary r&b, country, dance-pop, electropop, funk, grammy winner, hard rock, hip hop rnb and dance hall, mbs-333, moombahton, pop, pop rap, r&b, rnb, soul"
2006-03-11,Control Myself,LL Cool J Featuring Jennifer Lopez,4,11,"['contemporary r&b', 'dance', 'dance-pop', 'electro house', 'electronic', 'latin', 'latin pop', 'pop', 'pop and chart', 'pop rap', 'reggaeton']",Control Myself,spotify:track:6RzpuVp06z70xIGG9etyUs,0.825,0.876,10.0,-6.556,0.0,0.211,0.00928,1.2e-05,0.205,0.48,120.066,233973.0,4.0,74.86477,8.0,1.0,2006,Control_Myself_by_LL_Cool_J_Featuring_Jennifer_Lopez,"contemporary r&b, dance, dance-pop, electro house, electronic, latin, latin pop, pop, pop and chart, pop rap, reggaeton"
2013-08-03,Red Nose,Sage The Gemini,52,20,['hip hop'],Red Nose,spotify:track:1KIQ0RscHwxXPJUvhuO5Bl,0.681,0.473,11.0,-5.733,0.0,0.449,0.414,0.0,0.0794,0.766,194.826,193200.0,4.0,31.00869,12.0,1.0,2013,Red_Nose_by_Sage_The_Gemini,hip hop
2018-05-26,Shoota,Playboi Carti Featuring Lil Uzi Vert,46,4,"['blackgaze', 'english', 'hip hop', 'rap']",Shoota,spotify:track:2BJSMvOGABRxokHKB0OI8i,0.674,0.649,1.0,-8.433,0.0,0.199,0.191,0.0,0.122,0.48,153.069,153800.0,4.0,20.12645,7.0,1.0,2018,Shoota_by_Playboi_Carti_Featuring_Lil_Uzi_Vert,"blackgaze, english, hip hop, rap"
2009-06-27,Living For The Night,George Strait,53,17,"['2008 universal fire victim', 'country', 'neo-traditionalist country']",Living For The Night,spotify:track:1BWBhzWgIL1eyNU02FfmVX,0.428,0.44,1.0,-6.48,1.0,0.0241,0.63,0.000862,0.116,0.265,78.463,221773.0,4.0,28.56227,9.0,1.0,2009,Living_For_The_Night_by_George_Strait,"2008 universal fire victim, country, neo-traditionalist country"
2020-03-07,RIP Lil Phat,YoungBoy Never Broke Again,80,1,['hip hop'],Unknown,Unknown,Unknown,Unknown,Unknown,Unknown,Unknown,Unknown,Unknown,Unknown,Unknown,Unknown,Unknown,Unknown,Unknown,Unknown,Unknown,Unknown,2020,RIP_Lil_Phat_by_YoungBoy_Never_Broke_Again,hip hop
2014-11-22,Shut Up And Dance,WALK THE MOON,4,53,"['indie rock', 'pop rock']",Shut Up And Dance,spotify:track:0kzw2tRyuL9rzipi5ntlIy,0.578,0.866,1.0,-3.804,1.0,0.0619,0.00701,0.0,0.257,0.619,128.038,199080.0,4.0,64.39539,9.0,1.0,2014,Shut_Up_And_Dance_by_WALK_THE_MOON,"indie rock, pop rock"
2013-01-26,Demons,Imagine Dragons,6,61,"['alternative rock', 'indie pop', 'indietronica', 'pop', 'pop rock', 'rock']",Demons,spotify:track:3LlAyCYU26dvFZBDUIMb7a,0.505,0.71,3.0,-3.015,1.0,0.0321,0.19,0.00025,0.329,0.428,89.938,175200.0,4.0,23.56628,8.0,1.0,2013,Demons_by_Imagine_Dragons,"alternative rock, indie pop, indietronica, pop, pop rock, rock"
2014-06-14,Trumpets,Jason Derulo,14,32,"['contemporary r&b', 'dance', 'dance-pop', 'electropop', 'english', 'pop', 'r&b', 'rock']",Trumpets,spotify:track:5KONnBIQ9LqCxyeSPin26k,0.635,0.691,0.0,-4.862,1.0,0.258,0.555,0.0,0.097,0.638,82.142,217419.0,4.0,25.16837,9.0,1.0,2014,Trumpets_by_Jason_Derulo,"contemporary r&b, dance, dance-pop, electropop, english, pop, r&b, rock"
2009-04-04,Always Strapped,Birdman Featuring Lil Wayne,54,17,"['as jailed', 'chopped and screwed', 'contemporary r&b', 'criminal', 'gangsta rap', 'hip hop', 'hip hop rnb and dance hall', 'lil wayne', 'pop rap', 'r&b', 'rap', 'rap rock', 'relic inn', 'southern hip hop', 'trap']",Always Strapped,spotify:track:0uiMSv1iUmIELMFnTmyyKX,0.664,0.608,1.0,-6.563,0.0,0.279,0.0693,5.41e-05,0.0836,0.43,82.481,208293.0,4.0,31.66017,8.0,1.0,2009,Always_Strapped_by_Birdman_Featuring_Lil_Wayne,"as jailed, chopped and screwed, contemporary r&b, criminal, gangsta rap, hip hop, hip hop rnb and dance hall, lil wayne, pop rap, r&b, rap, rap rock, relic inn, southern hip hop, trap"
2000-03-11,The Way You Love Me,Faith Hill,6,56,"['adult contemporary', 'christmas music', 'contemporary country', 'country', 'country pop', 'pop']",The Way You Love Me,spotify:track:6vgN6KGstss0GnBbKlMNK9,0.627,0.716,2.0,-7.175,1.0,0.0352,0.127,0.0,0.0344,0.734,101.99,186067.0,4.0,26.1471,12.0,1.0,2000,The_Way_You_Love_Me_by_Faith_Hill,"adult contemporary, christmas music, contemporary country, country, country pop, pop"
2004-11-13,"Awful, Beautiful Life",Darryl Worley,30,20,Unknown,"Awful, Beautiful Life",spotify:track:5uqbTKo8Ogq1sBQ3u940Xz,0.627,0.777,2.0,-6.91,1.0,0.0322,0.0189,1.09e-06,0.173,0.643,112.599,232800.0,4.0,35.66354,11.0,1.0,2004,"Awful,_Beautiful_Life_by_Darryl_Worley",Unknown
2019-09-21,I Know,Post Malone,53,1,"['english', 'hip hop']",Unknown,Unknown,Unknown,Unknown,Unknown,Unknown,Unknown,Unknown,Unknown,Unknown,Unknown,Unknown,Unknown,Unknown,Unknown,Unknown,Unknown,Unknown,2019,I_Know_by_Post_Malone,"english, hip hop"
2021-01-16,Girl Like Me,Black Eyed Peas X Shakira,67,13,"['a filk artist', 'conscious hip hop', 'dance-pop', 'electro house', 'electropop', 'fergie', 'hip hop', 'pop', 'pop and chart', 'pop rap', 'west coast hip hop', 'will i am']",Unknown,Unknown,Unknown,Unknown,Unknown,Unknown,Unknown,Unknown,Unknown,Unknown,Unknown,Unknown,Unknown,Unknown,Unknown,Unknown,Unknown,Unknown,2021,Girl_Like_Me_by_Black_Eyed_Peas_X_Shakira,"a filk artist, conscious hip hop, dance-pop, electro house, electropop, fergie, hip hop, pop, pop and chart, pop rap, west coast hip hop, will i am"
2000-11-18,Meanwhile Back At The Ranch,The Clark Family Experience,80,12,['country'],Meanwhile Back At The Ranch,spotify:track:2NpEN6jlCVuUBAJoptmaSF,0.585,0.84,7.0,-6.109,1.0,0.0324,0.0649,0.0,0.367,0.534,94.944,179467.0,4.0,18.12,8.0,1.0,2000,Meanwhile_Back_At_The_Ranch_by_The_Clark_Family_Experience,country
2018-07-28,Desperate Man,Eric Church,68,15,"['contemporary country', 'country', 'country pop', 'country rock']",Desperate Man,spotify:track:1vHeu2j2MpfMqqvcXKLtic,0.711,0.796,10.0,-5.87,1.0,0.0341,0.0716,0.0045,0.262,0.901,109.991,208733.0,4.0,32.48142,10.0,1.0,2018,Desperate_Man_by_Eric_Church,"contemporary country, country, country pop, country rock"
2018-07-28,Nico And The Niners,twenty one pilots,79,2,"['alternative hip hop', 'alternative rap', 'alternative rock', 'electropop', 'emo', 'hip hop', 'hip-hop', 'hip-hop/rap', 'indie', 'indie pop', 'indie rock', 'pop', 'pop rock', 'rap', 'rap rock', 'rock']",Unknown,Unknown,Unknown,Unknown,Unknown,Unknown,Unknown,Unknown,Unknown,Unknown,Unknown,Unknown,Unknown,Unknown,Unknown,Unknown,Unknown,Unknown,2018,Nico_And_The_Niners_by_twenty_one_pilots,"alternative hip hop, alternative rap, alternative rock, electropop, emo, hip hop, hip-hop, hip-hop/rap, indie, indie pop, indie rock, pop, pop rock, rap, rap rock, rock"
2016-10-15,Song For Another Time,Old Dominion,59,18,"['country', 'country rock']",Song For Another Time,spotify:track:7px4t7HGiuMUvFkEOpZEwp,0.497,0.805,11.0,-3.995,1.0,0.0332,0.125,0.0,0.167,0.696,166.048,191827.0,4.0,40.38049,8.0,1.0,2016,Song_For_Another_Time_by_Old_Dominion,"country, country rock"
2010-07-10,Won't Back Down,Eminem Featuring P!nk,62,1,"['contemporary r&b', 'dance-pop', 'electropop', 'music for soccer moms', 'pop', 'pop and chart', 'pop rock', 'sober', 'united states']",Unknown,Unknown,Unknown,Unknown,Unknown,Unknown,Unknown,Unknown,Unknown,Unknown,Unknown,Unknown,Unknown,Unknown,Unknown,Unknown,Unknown,Unknown,2010,Won't_Back_Down_by_Eminem_Featuring_P!nk,"contemporary r&b, dance-pop, electropop, music for soccer moms, pop, pop and chart, pop rock, sober, united states"
2004-07-31,Shake That Sh**,Shawnna Featuring Ludacris,63,14,"['american', 'dirty south', 'hip hop', 'hip hop rnb and dance hall', 'hip-hop', 'pop rap', 'rap', 'southern hip hop', 'trap rap']",Unknown,Unknown,Unknown,Unknown,Unknown,Unknown,Unknown,Unknown,Unknown,Unknown,Unknown,Unknown,Unknown,Unknown,Unknown,Unknown,Unknown,Unknown,2004,Shake_That_Sh**_by_Shawnna_Featuring_Ludacris,"american, dirty south, hip hop, hip hop rnb and dance hall, hip-hop, pop rap, rap, southern hip hop, trap rap"
2011-10-15,It Will Rain,Bruno Mars,3,29,"['a filk artist', 'contemporary r&b', 'funk', 'music for soccer moms', 'new wave', 'pop', 'pop rock', 'pop soul', 'r&b', 'relic inn', 'rock', 'soul', 'synth funk']",It Will Rain,spotify:track:0RUGuh2uSNFJpGMSsD1F5C,0.576,0.835,2.0,-6.826,1.0,0.0486,0.337,0.0,0.082,0.476,150.017,257720.0,4.0,29.79673,11.0,1.0,2011,It_Will_Rain_by_Bruno_Mars,"a filk artist, contemporary r&b, funk, music for soccer moms, new wave, pop, pop rock, pop soul, r&b, relic inn, rock, soul, synth funk"
2002-09-07,dontchange,Musiq,17,26,"['hip hop', 'hip hop rnb and dance hall']",Unknown,Unknown,Unknown,Unknown,Unknown,Unknown,Unknown,Unknown,Unknown,Unknown,Unknown,Unknown,Unknown,Unknown,Unknown,Unknown,Unknown,Unknown,2002,dontchange_by_Musiq,"hip hop, hip hop rnb and dance hall"
2011-06-25,Bang Bang Bang,Selena Gomez & The Scene,94,1,"['alternative r&b', 'contemporary r&b', 'dance-pop', 'electropop', 'hollywood records', 'pop', 'teen pop']",Unknown,Unknown,Unknown,Unknown,Unknown,Unknown,Unknown,Unknown,Unknown,Unknown,Unknown,Unknown,Unknown,Unknown,Unknown,Unknown,Unknown,Unknown,2011,Bang_Bang_Bang_by_Selena_Gomez_&_The_Scene,"alternative r&b, contemporary r&b, dance-pop, electropop, hollywood records, pop, teen pop"
2017-11-25,Wait,Maroon 5,24,24,"['adult contemporary', 'automod ng', 'dance', 'dance-pop', 'electropop', 'fixme label mess', 'funk rock', 'music for soccer moms', 'pop', 'pop rock', 'pop/rock', 'rock', 'rock and indie', 'slow pop']",Wait,spotify:track:6AvfZXpbb6r35DfF7gHPRq,0.655,0.603,8.0,-5.014,1.0,0.0555,0.0959,0.0,0.107,0.452,126.088,190643.0,4.0,20.24305,9.0,1.0,2017,Wait_by_Maroon_5,"adult contemporary, automod ng, dance, dance-pop, electropop, fixme label mess, funk rock, music for soccer moms, pop, pop rock, pop/rock, rock, rock and indie, slow pop"
2007-11-24,Sexy Movimiento,Wisin & Yandel,98,3,"['latin', 'latin urban', 'reggaeton', 'reggaetón']",Sexy Movimiento,spotify:track:1Kgyx7NLtzsa3gWV1efGHu,0.815,0.757,10.0,-6.16,0.0,0.039,0.382,3.28e-06,0.147,0.734,104.986,209680.0,4.0,37.7948,10.0,1.0,2007,Sexy_Movimiento_by_Wisin_&_Yandel,"latin, latin urban, reggaeton, reggaetón"
2020-11-07,Cold As You,Luke Combs,32,20,Unknown,Unknown,Unknown,Unknown,Unknown,Unknown,Unknown,Unknown,Unknown,Unknown,Unknown,Unknown,Unknown,Unknown,Unknown,Unknown,Unknown,Unknown,Unknown,2020,Cold_As_You_by_Luke_Combs,Unknown
2012-08-18,Enough Of No Love,Keyshia Cole Featuring Lil Wayne,84,9,"['hip hop', 'hip hop rnb and dance hall', 'r&b']",Enough Of No Love,spotify:track:759b29QKmhaVSAuMp6AfWr,0.64,0.624,10.0,-5.831,0.0,0.152,0.0177,0.0,0.296,0.464,86.802,229427.0,4.0,56.84717,9.0,1.0,2012,Enough_Of_No_Love_by_Keyshia_Cole_Featuring_Lil_Wayne,"hip hop, hip hop rnb and dance hall, r&b"
2021-01-23,Best Friend,Saweetie Featuring Doja Cat,14,30,"['hip hop', 'pop', 'pop rap', 'r&b', 'trap']",Unknown,Unknown,Unknown,Unknown,Unknown,Unknown,Unknown,Unknown,Unknown,Unknown,Unknown,Unknown,Unknown,Unknown,Unknown,Unknown,Unknown,Unknown,2021,Best_Friend_by_Saweetie_Featuring_Doja_Cat,"hip hop, pop, pop rap, r&b, trap"
2003-10-25,Bad Boy This Bad Boy That,Bad Boy's Da Band,50,9,Unknown,Bad Boy This Bad Boy That,spotify:track:13QMUA813rB5QdsePrPRoo,0.854,0.705,1.0,-8.314,1.0,0.298,0.0262,0.0,0.0336,0.701,99.989,196693.0,4.0,47.45063,8.0,1.0,2003,Bad_Boy_This_Bad_Boy_That_by_Bad_Boy's_Da_Band,Unknown
2010-04-10,Wrong Baby Wrong,Martina McBride,74,15,"['contemporary country', 'country', 'country pop']",Wrong Baby Wrong,spotify:track:0F9BbXn7zjDkM6SRJvkBOd,0.572,0.673,6.0,-5.565,1.0,0.042,0.0596,0.0,0.0887,0.573,106.024,221667.0,4.0,22.83603,9.0,1.0,2010,Wrong_Baby_Wrong_by_Martina_McBride,"contemporary country, country, country pop"
2008-06-14,Another Try,Josh Turner Featuring Trisha Yearwood,96,3,"['adult contemporary', 'christmas music', 'classic pop and rock', 'contemporary country', 'country', 'country pop']",Another Try,spotify:track:776wdb7j6xJuLJDVay0zww,0.511,0.472,10.0,-8.119,1.0,0.0284,0.544,0.000519,0.104,0.261,123.247,225787.0,4.0,30.09353,11.0,1.0,2008,Another_Try_by_Josh_Turner_Featuring_Trisha_Yearwood,"adult contemporary, christmas music, classic pop and rock, contemporary country, country, country pop"
2001-11-10,Roll Out (My Business),Ludacris,17,21,"['american', 'dirty south', 'hip hop', 'hip hop rnb and dance hall', 'hip-hop', 'pop rap', 'rap', 'southern hip hop', 'trap rap']",Unknown,Unknown,Unknown,Unknown,Unknown,Unknown,Unknown,Unknown,Unknown,Unknown,Unknown,Unknown,Unknown,Unknown,Unknown,Unknown,Unknown,Unknown,2001,Roll_Out_(My_Business)_by_Ludacris,"american, dirty south, hip hop, hip hop rnb and dance hall, hip-hop, pop rap, rap, southern hip hop, trap rap"
2018-10-13,Hittas,Lil Wayne,59,1,"['as jailed', 'chopped and screwed', 'contemporary r&b', 'criminal', 'gangsta rap', 'hip hop', 'hip hop rnb and dance hall', 'lil wayne', 'pop rap', 'r&b', 'rap', 'rap rock', 'relic inn', 'southern hip hop', 'trap']",Unknown,Unknown,Unknown,Unknown,Unknown,Unknown,Unknown,Unknown,Unknown,Unknown,Unknown,Unknown,Unknown,Unknown,Unknown,Unknown,Unknown,Unknown,2018,Hittas_by_Lil_Wayne,"as jailed, chopped and screwed, contemporary r&b, criminal, gangsta rap, hip hop, hip hop rnb and dance hall, lil wayne, pop rap, r&b, rap, rap rock, relic inn, southern hip hop, trap"
2019-09-21,Hollywood's Bleeding,Post Malone,15,6,"['english', 'hip hop']",Hollywood's Bleeding,spotify:track:21jGcNKet2qwijlDFuPiPb,0.695,0.762,0.0,-3.497,1.0,0.0395,0.192,0.00244,0.0863,0.553,120.042,215280.0,4.0,52.05235,9.0,1.0,2019,Hollywood's_Bleeding_by_Post_Malone,"english, hip hop"
2021-09-25,Lalisa,Lisa,84,1,Unknown,Unknown,Unknown,Unknown,Unknown,Unknown,Unknown,Unknown,Unknown,Unknown,Unknown,Unknown,Unknown,Unknown,Unknown,Unknown,Unknown,Unknown,Unknown,2021,Lalisa_by_Lisa,Unknown
2021-08-28,Rumors,Lizzo Featuring Cardi B,4,7,"['alternative pop', 'englisch', 'english', 'hip hop', 'lick', 'pop', 'rap', 'relic inn']",Unknown,Unknown,Unknown,Unknown,Unknown,Unknown,Unknown,Unknown,Unknown,Unknown,Unknown,Unknown,Unknown,Unknown,Unknown,Unknown,Unknown,Unknown,2021,Rumors_by_Lizzo_Featuring_Cardi_B,"alternative pop, englisch, english, hip hop, lick, pop, rap, relic inn"
2011-06-11,Marry The Night,Lady Gaga,29,12,"['american', 'américain', 'art pop', 'britney spears', 'dance', 'dance-pop', 'disco', 'edge of glory', 'electronic', 'electropop', 'gata rahe mera dil', 'pop', 'pop rock', 'saxx dreams', 'server name', 'synth-pop', 'synthpop', 'the fame', 'united states', 'usa']",Marry The Night,spotify:track:1k18nxjYj8R5iz82Ap7GEY,0.614,0.879,0.0,-4.422,1.0,0.056,0.00104,0.00438,0.41,0.407,131.092,264520.0,4.0,40.32042,12.0,1.0,2011,Marry_The_Night_by_Lady_Gaga,"american, américain, art pop, britney spears, dance, dance-pop, disco, edge of glory, electronic, electropop, gata rahe mera dil, pop, pop rock, saxx dreams, server name, synth-pop, synthpop, the fame, united states, usa"
2018-06-16,Humility,Gorillaz Featuring George Benson,85,1,"['2008 universal fire victim', 'american', 'hip hop rnb and dance hall', 'jazz', 'jazz pop', 'jazz-funk', 'rnb', 'smooth jazz', 'smooth soul', 'soul jazz']",Unknown,Unknown,Unknown,Unknown,Unknown,Unknown,Unknown,Unknown,Unknown,Unknown,Unknown,Unknown,Unknown,Unknown,Unknown,Unknown,Unknown,Unknown,2018,Humility_by_Gorillaz_Featuring_George_Benson,"2008 universal fire victim, american, hip hop rnb and dance hall, jazz, jazz pop, jazz-funk, rnb, smooth jazz, smooth soul, soul jazz"
2016-03-26,Try Everything,Shakira,63,9,"['alternative', 'atlantico', 'barranquilla', 'classic pop and rock', 'colombian', 'dance-pop', 'electropop', 'latin', 'latin pop', 'merengue', 'pop', 'pop rock', 'rock']",Try Everything,spotify:track:1N3dZ7TTWO6VcD4Y3hHYLZ,0.705,0.609,1.0,-4.897,1.0,0.0307,0.0257,0.0,0.0846,0.476,115.474,196853.0,4.0,50.76423,9.0,1.0,2016,Try_Everything_by_Shakira,"alternative, atlantico, barranquilla, classic pop and rock, colombian, dance-pop, electropop, latin, latin pop, merengue, pop, pop rock, rock"
2017-06-03,Felices Los 4,Maluma,48,20,"['english', 'latin', 'latin pop', 'latin urban', 'reggaeton', 'spanish']",Felices Los 4,spotify:track:1RouRzlg8OKFeqc6LvdxmB,0.766,0.756,5.0,-5.861,1.0,0.132,0.213,0.0,0.349,0.716,94.027,230000.0,4.0,29.5999,10.0,1.0,2017,Felices_Los_4_by_Maluma,"english, latin, latin pop, latin urban, reggaeton, spanish"
2016-11-19,Blessed Up,Meek Mill,97,1,"['east coast hip hop', 'gangsta rap', 'hip hop', 'meek mill', 'trap']",Unknown,Unknown,Unknown,Unknown,Unknown,Unknown,Unknown,Unknown,Unknown,Unknown,Unknown,Unknown,Unknown,Unknown,Unknown,Unknown,Unknown,Unknown,2016,Blessed_Up_by_Meek_Mill,"east coast hip hop, gangsta rap, hip hop, meek mill, trap"
2012-09-15,Shinin' On Me,Jerrod Niemann,92,7,"['bro-country', 'contemporary country', 'country']",Shinin' On Me,spotify:track:56hUUEbFVeJXCmbdPfsy1T,0.651,0.773,7.0,-6.97,1.0,0.0366,0.318,0.0,0.27,0.69,83.995,194573.0,4.0,37.11004,9.0,1.0,2012,Shinin'_On_Me_by_Jerrod_Niemann,"bro-country, contemporary country, country"
2013-06-29,I Got You,Jack Johnson,88,1,"['acoustic', 'american', 'folk', 'folk rock', 'pop', 'pop and chart', 'rock', 'soft rock', 'surf']",Unknown,Unknown,Unknown,Unknown,Unknown,Unknown,Unknown,Unknown,Unknown,Unknown,Unknown,Unknown,Unknown,Unknown,Unknown,Unknown,Unknown,Unknown,2013,I_Got_You_by_Jack_Johnson,"acoustic, american, folk, folk rock, pop, pop and chart, rock, soft rock, surf"
2020-01-04,Baby It's Cold Outside,Dean Martin,45,1,"['american', 'big band', 'christmas music', 'classic pop and rock', 'country pop', 'pop', 'standards', 'traditional pop', 'vocal jazz']",Unknown,Unknown,Unknown,Unknown,Unknown,Unknown,Unknown,Unknown,Unknown,Unknown,Unknown,Unknown,Unknown,Unknown,Unknown,Unknown,Unknown,Unknown,2020,Baby_It's_Cold_Outside_by_Dean_Martin,"american, big band, christmas music, classic pop and rock, country pop, pop, standards, traditional pop, vocal jazz"
2020-02-15,Only The Young,Taylor Swift,50,1,"['americana', 'contemporary country', 'country', 'country pop', 'country-pop', 'dance-pop', 'electropop', 'female vocals', 'fixme label mess', 'hp', 'icon', 'pop', 'pop rock', 'relic inn', 'singer-songwriter', 'singer/songwriter', 'taylor-swift', 'teen pop', 'top 40']",Unknown,Unknown,Unknown,Unknown,Unknown,Unknown,Unknown,Unknown,Unknown,Unknown,Unknown,Unknown,Unknown,Unknown,Unknown,Unknown,Unknown,Unknown,2020,Only_The_Young_by_Taylor_Swift,"americana, contemporary country, country, country pop, country-pop, dance-pop, electropop, female vocals, fixme label mess, hp, icon, pop, pop rock, relic inn, singer-songwriter, singer/songwriter, taylor-swift, teen pop, top 40"
2017-06-17,Somethin Tells Me,Bryson Tiller,74,1,Unknown,Unknown,Unknown,Unknown,Unknown,Unknown,Unknown,Unknown,Unknown,Unknown,Unknown,Unknown,Unknown,Unknown,Unknown,Unknown,Unknown,Unknown,Unknown,2017,Somethin_Tells_Me_by_Bryson_Tiller,Unknown
2008-04-19,Boyfriend/Girlfriend,C-Side Featuring Keyshia Cole,72,7,"['hip hop', 'hip hop rnb and dance hall', 'r&b']",Boyfriend/Girlfriend,spotify:track:7bWonRM5QK6qA0dwYISntA,0.782,0.637,0.0,-6.357,1.0,0.126,0.0414,0.0,0.0955,0.328,124.014,207600.0,4.0,37.14653,11.0,1.0,2008,Boyfriend_Girlfriend_by_C-Side_Featuring_Keyshia_Cole,"hip hop, hip hop rnb and dance hall, r&b"
2003-03-15,Have You Forgotten?,Darryl Worley,22,20,Unknown,Have You Forgotten?,spotify:track:5JWuz7zukN8z9JLNm29U5K,0.478,0.625,7.0,-5.975,1.0,0.0341,0.0515,0.0,0.116,0.343,160.196,242293.0,4.0,19.11048,13.0,1.0,2003,Have_You_Forgotten?_by_Darryl_Worley,Unknown
2019-10-19,HIGHEST IN THE ROOM,Travis Scott,1,22,"['english', 'hip hop', 'rap', 'relic inn', 'trap', 'travis scott']",HIGHEST IN THE ROOM,spotify:track:3eekarcy7kvN4yt5ZFzltW,0.598,0.427,7.0,-8.764,0.0,0.0317,0.0546,5.83e-06,0.21,0.0605,76.469,175721.0,4.0,50.62529,8.0,1.0,2019,HIGHEST_IN_THE_ROOM_by_Travis_Scott,"english, hip hop, rap, relic inn, trap, travis scott"
2016-06-04,Unsteady,X Ambassadors,20,34,"['alternative rock', 'folk pop', 'pop rock']",Unsteady,spotify:track:7lGKEWMXVWWTt3X71Bv44I,0.389,0.665,0.0,-6.169,1.0,0.0644,0.178,0.000732,0.116,0.199,117.055,193547.0,4.0,74.96407,5.0,1.0,2016,Unsteady_by_X_Ambassadors,"alternative rock, folk pop, pop rock"
2010-10-16,Hey Baby (Drop It To The Floor),Pitbull Featuring T-Pain,7,31,"['contemporary r&b', 'electropop', 'hip hop', 'pop', 'pop rap', 'rap', 'soul and reggae', 'southern hip hop']",Hey Baby (Drop It To The Floor),spotify:track:3rfhI32Il2hVRKDkuGeeen,0.595,0.913,10.0,-3.428,0.0,0.0884,0.0435,0.0,0.259,0.762,128.021,234453.0,4.0,23.09675,14.0,1.0,2010,Hey_Baby_(Drop_It_To_The_Floor)_by_Pitbull_Featuring_T-Pain,"contemporary r&b, electropop, hip hop, pop, pop rap, rap, soul and reggae, southern hip hop"
2021-11-20,Jumpin,NLE Choppa Featuring Polo G,89,1,['hip hop'],Unknown,Unknown,Unknown,Unknown,Unknown,Unknown,Unknown,Unknown,Unknown,Unknown,Unknown,Unknown,Unknown,Unknown,Unknown,Unknown,Unknown,Unknown,2021,Jumpin_by_NLE_Choppa_Featuring_Polo_G,hip hop
2012-07-21,Truck Yeah,Tim McGraw,57,16,"['adult contemporary', 'contemporary country', 'country', 'country pop', 'neo-traditionalist country']",Truck Yeah,spotify:track:3crxySebCike4UZq4SvzxT,0.608,0.931,7.0,-3.278,1.0,0.0336,0.114,0.0,0.067,0.768,97.973,208400.0,4.0,20.17278,10.0,1.0,2012,Truck_Yeah_by_Tim_McGraw,"adult contemporary, contemporary country, country, country pop, neo-traditionalist country"
2020-08-22,Freestyle,Rod Wave,86,1,Unknown,Unknown,Unknown,Unknown,Unknown,Unknown,Unknown,Unknown,Unknown,Unknown,Unknown,Unknown,Unknown,Unknown,Unknown,Unknown,Unknown,Unknown,Unknown,2020,Freestyle_by_Rod_Wave,Unknown
2004-02-14,Hold On,Good Charlotte,63,5,"['pop and chart', 'pop punk']",Hold On,spotify:track:3UyL1yzD5B1nIaFJRs4W8r,0.424,0.937,1.0,-5.354,1.0,0.0769,0.000884,0.0,0.113,0.156,137.861,245600.0,4.0,41.42371,10.0,1.0,2004,Hold_On_by_Good_Charlotte,"pop and chart, pop punk"
